Date,Easy,Medium,Hard
01/06/21,"0,2,5,1,0,0,0,0,9,0,6,0,5,9,2,0,0,8,0,0,9,7,0,0,6,2,0,1,9,7,0,0,0,4,0,0,4,0,0,6,0,0,2,3,0,0,0,2,0,5,7,0,9,1,2,8,1,0,0,0,9,0,4,0,0,0,0,0,6,7,0,2,9,0,0,0,4,1,0,8,0","0,0,7,1,0,0,0,0,0,0,0,0,6,0,0,0,0,4,0,0,3,8,4,7,0,1,6,0,6,0,0,0,4,2,0,0,0,5,0,0,1,0,0,7,0,0,3,0,0,7,0,0,0,0,1,0,0,0,0,0,5,0,8,0,0,0,0,0,9,0,0,0,0,0,0,0,5,0,0,0,0","0,0,9,0,6,0,0,0,0,5,0,0,4,0,0,7,3,0,0,0,3,0,0,2,4,0,0,0,0,0,8,1,0,0,0,0,0,1,0,0,9,0,5,0,6,0,0,0,0,0,6,0,0,7,9,0,5,0,0,0,0,0,0,0,2,4,6,0,0,0,1,8,0,0,0,0,0,0,0,7,0"
02/06/21,"0,7,6,5,1,9,0,0,8,0,0,0,8,0,0,1,0,6,0,1,5,0,0,3,0,0,7,1,5,0,0,3,0,0,7,4,0,2,9,0,5,1,0,0,0,0,0,4,0,8,0,5,2,1,2,0,0,7,0,0,0,4,0,5,0,3,0,0,0,7,6,0,6,9,0,0,0,2,0,1,0","0,0,0,0,0,0,4,0,0,0,0,7,4,2,0,0,0,0,0,2,0,0,0,7,6,0,1,0,3,0,0,0,0,0,0,5,6,0,0,0,1,0,0,0,9,8,0,0,0,0,6,0,0,0,0,4,9,2,5,0,0,0,0,0,0,0,0,0,0,0,7,0,0,0,0,8,0,0,0,1,0","2,3,0,0,0,8,0,0,0,0,0,8,0,0,0,0,0,0,5,0,0,0,6,0,0,0,0,0,0,4,0,8,1,0,0,0,0,6,0,5,7,0,0,8,0,0,0,9,0,4,0,0,0,3,0,0,0,0,3,0,1,0,4,0,1,0,0,0,0,7,9,0,0,0,0,7,0,6,0,0,0"
03/06/21,"6,9,0,0,1,0,0,4,0,4,0,0,0,0,0,8,1,9,8,1,0,5,4,9,0,0,0,0,4,0,0,0,0,2,8,7,0,0,8,1,3,0,9,0,0,0,5,0,8,7,0,0,0,3,9,8,7,0,0,5,0,3,1,0,0,6,3,0,7,0,9,0,5,0,4,0,0,0,0,0,8","6,0,0,0,0,7,1,0,0,7,0,0,1,4,2,0,0,5,4,9,0,0,0,6,7,0,0,0,0,0,0,5,0,8,0,0,0,5,9,0,0,0,0,0,0,0,0,0,0,6,4,0,0,2,0,0,3,0,0,8,9,0,0,0,0,0,4,0,0,0,0,0,1,0,0,0,0,0,0,6,0","0,0,0,0,0,0,0,2,3,5,0,0,0,0,4,0,1,0,0,0,0,0,0,1,5,0,0,0,0,9,0,0,0,1,0,0,2,0,0,8,0,0,0,9,0,0,3,6,0,0,9,0,0,8,0,0,2,0,6,3,9,0,0,8,0,0,0,0,0,0,0,7,0,0,0,0,0,0,3,0,0"
04/06/21,"6,7,0,0,2,9,0,0,4,5,0,0,7,8,0,0,0,2,9,0,0,0,0,4,3,1,7,0,0,0,2,3,8,0,4,0,0,0,8,0,0,0,6,7,1,4,5,0,0,0,7,0,0,0,0,0,6,3,7,0,0,0,0,0,0,0,8,4,0,7,2,6,7,2,1,0,0,0,4,8,0","0,0,7,0,0,0,0,0,1,0,0,0,9,0,6,0,3,0,5,0,0,0,4,0,2,0,0,1,0,0,0,0,0,0,0,0,4,0,0,6,3,0,0,1,0,0,0,0,0,0,0,6,0,2,0,0,0,0,0,0,7,0,8,0,0,8,0,2,9,0,0,0,7,9,4,0,0,0,0,0,5","0,0,9,3,0,0,0,8,0,8,6,0,0,0,7,0,0,5,5,0,0,0,0,8,0,0,6,0,0,0,0,0,0,0,4,0,0,0,0,0,0,1,2,0,3,6,0,0,0,2,0,0,0,0,0,7,2,0,0,0,0,0,0,4,0,0,8,0,0,3,5,0,0,0,5,0,4,0,1,0,0"
05/06/21,"9,3,6,8,0,0,0,7,5,0,5,1,6,0,0,2,3,0,0,0,0,5,0,1,0,8,0,7,0,0,0,8,0,3,0,6,4,0,3,0,0,9,5,0,0,5,0,0,0,2,4,7,0,0,0,0,4,0,0,0,0,6,2,0,8,0,2,1,0,0,0,7,0,2,5,0,7,0,0,1,3","3,2,0,0,0,0,0,0,0,0,0,0,3,0,0,0,0,0,1,5,0,9,8,0,0,0,0,0,1,0,5,9,0,3,0,0,0,0,0,0,0,0,4,6,0,0,0,9,0,0,6,5,0,0,0,0,1,2,0,0,7,0,4,2,8,0,0,0,5,0,0,6,0,0,0,0,6,0,0,0,5","8,0,0,0,1,0,7,0,4,0,2,0,0,0,0,0,0,0,5,0,0,0,0,0,0,8,0,6,0,7,0,0,9,1,0,0,9,3,0,7,0,5,6,0,0,0,0,0,0,0,0,4,0,0,0,0,0,0,5,0,8,0,0,0,0,0,0,6,3,0,0,5,0,0,0,1,0,4,0,0,0"
06/06/21,"9,0,8,0,5,3,4,0,0,0,0,0,6,7,4,9,3,0,0,0,3,0,0,2,0,5,7,2,1,0,5,9,0,0,0,4,0,8,0,0,3,0,0,7,9,3,9,0,0,6,0,0,1,0,6,0,1,7,0,0,0,8,0,8,2,0,0,0,6,7,0,0,0,0,9,8,0,0,6,0,0","0,6,0,0,2,0,0,5,0,0,0,0,0,0,0,0,8,0,0,1,0,5,0,0,3,0,0,0,0,3,0,0,0,0,0,1,2,0,8,0,9,0,6,4,0,0,0,0,0,0,7,2,0,0,0,0,0,8,0,0,0,0,7,4,8,0,0,0,0,0,0,0,5,0,0,3,4,0,0,2,0","0,0,0,0,0,0,0,1,0,0,0,0,6,0,4,2,0,8,0,9,0,0,0,0,7,4,0,0,6,0,0,0,0,0,0,0,0,8,0,0,5,1,0,0,0,0,0,5,2,6,0,0,0,7,0,0,0,0,4,0,0,0,1,9,0,8,0,0,5,3,0,0,0,2,0,0,7,0,0,0,9"
07/06/21,"2,0,8,0,0,0,4,9,7,0,0,7,6,4,9,2,8,0,0,0,3,2,0,7,6,0,0,5,0,0,0,1,0,9,7,0,0,0,0,9,2,5,3,0,0,4,9,6,0,0,0,0,0,0,7,0,0,0,5,8,0,6,4,0,8,0,1,0,4,0,0,9,0,1,0,0,9,0,0,0,5","0,0,0,0,4,0,0,0,2,0,7,0,0,1,2,0,0,0,0,0,1,8,0,0,5,7,0,6,0,0,3,0,0,0,0,8,0,0,2,6,0,8,9,0,0,0,0,0,0,0,0,2,6,0,0,0,3,0,0,0,0,0,0,7,4,0,0,8,6,0,0,3,8,0,0,0,0,1,0,0,0","0,0,0,0,0,9,0,0,5,0,0,0,0,0,6,0,2,0,8,0,0,0,4,0,0,1,0,3,5,0,0,0,0,0,4,7,0,0,0,0,0,0,0,6,0,0,0,0,0,2,3,0,8,1,4,0,6,0,0,0,0,0,0,0,9,0,7,0,0,0,0,0,0,1,2,0,8,0,0,0,0"
08/06/21,"0,6,0,4,5,0,2,1,3,4,0,8,7,0,0,0,9,0,0,5,1,3,0,0,0,0,0,1,0,4,0,0,6,0,0,8,0,8,0,0,0,7,9,4,0,6,0,0,5,8,4,0,0,0,7,0,5,0,2,1,0,0,0,0,2,9,0,4,5,8,0,0,0,0,0,9,0,0,4,5,2","0,0,0,0,4,0,0,9,0,0,0,9,0,5,0,6,0,7,0,1,6,9,0,0,5,2,0,0,0,0,3,7,0,0,0,6,0,0,7,5,6,0,0,0,0,8,0,0,0,0,0,0,0,2,0,0,0,0,0,0,0,0,0,0,2,5,0,1,0,0,0,0,0,0,0,7,0,0,2,3,1","0,0,0,1,0,0,0,4,0,0,0,2,0,0,0,9,0,0,0,0,0,0,0,2,0,0,5,7,0,9,0,4,0,0,0,0,0,2,0,0,0,0,0,8,4,0,0,8,0,0,5,0,0,0,0,3,6,0,0,0,0,0,0,0,0,0,6,3,0,0,9,1,0,1,0,4,0,0,0,0,7"
09/06/21,"7,0,0,6,0,3,0,0,2,0,1,2,5,0,0,0,7,6,6,0,8,0,2,7,4,5,0,2,4,3,0,5,0,0,0,8,0,0,7,0,3,0,2,0,1,0,0,0,2,8,0,0,3,7,4,0,0,0,0,9,8,0,0,3,0,0,0,0,5,6,1,0,0,0,5,0,0,2,7,0,0","0,0,0,0,6,0,0,0,0,0,1,9,0,0,0,0,0,3,3,0,0,9,0,0,2,0,0,0,0,4,0,0,0,0,0,0,6,0,3,8,0,0,4,0,0,0,0,0,2,9,0,0,0,1,0,0,0,0,1,7,0,0,9,0,7,0,0,0,0,0,0,0,0,0,0,3,0,0,0,8,2","9,0,0,0,0,5,0,0,0,0,0,0,0,0,7,0,4,0,0,0,0,0,3,0,6,0,0,0,0,2,0,0,0,4,1,0,0,0,0,0,0,0,9,0,0,0,4,8,0,2,9,3,0,0,8,2,0,1,0,0,0,7,6,0,0,0,0,0,0,8,0,0,0,3,7,0,0,2,0,0,0"
10/06/21,"0,0,0,1,9,2,7,6,4,7,2,4,0,0,6,1,0,0,1,9,0,0,0,4,0,0,5,4,8,9,0,0,0,0,7,0,3,1,7,9,0,0,6,8,0,0,0,0,8,1,0,3,0,0,0,0,8,3,6,9,0,0,0,9,0,0,0,0,0,0,2,6,0,4,1,0,7,0,0,0,0","0,0,7,0,2,0,3,0,0,0,3,0,6,0,0,0,2,9,0,0,0,0,0,7,1,0,0,1,0,4,3,5,0,0,9,0,6,0,0,0,4,2,0,0,0,0,0,0,0,0,0,0,5,0,0,7,0,0,0,0,0,3,0,0,0,0,0,0,6,4,0,0,0,0,5,0,8,0,0,0,0","0,0,0,6,8,0,0,0,0,0,1,0,3,0,0,2,0,0,0,0,0,0,5,7,0,3,0,2,0,0,0,0,0,9,0,7,0,0,8,0,0,0,4,0,0,3,0,7,0,0,0,0,0,0,9,0,0,0,0,6,7,0,0,0,5,1,9,0,3,0,0,8,0,0,0,0,0,0,0,0,0"
11/06/21,"0,0,0,8,6,7,3,4,2,4,3,2,0,0,0,0,0,6,0,6,7,3,2,0,0,0,5,9,0,0,0,7,3,4,0,0,2,0,0,9,0,1,0,0,3,6,4,0,0,0,0,0,1,0,0,2,5,7,1,0,9,0,0,1,0,0,0,0,5,0,0,7,0,0,4,2,0,0,5,8,0","0,0,0,3,0,0,9,4,0,0,0,0,0,2,0,0,1,0,3,0,0,0,0,0,6,0,0,0,1,5,7,0,8,0,0,4,0,0,0,0,0,4,0,0,0,0,6,0,0,0,0,0,0,0,0,0,1,0,0,0,3,0,8,0,0,0,4,0,0,0,7,1,0,0,7,9,0,0,0,6,0","0,0,6,4,0,0,0,0,7,2,0,0,9,3,0,5,0,0,0,5,0,0,2,0,0,0,0,0,2,0,0,0,0,0,0,8,6,0,0,1,0,9,0,0,0,0,9,0,0,0,0,3,0,0,0,0,0,0,9,0,0,0,0,4,0,0,0,7,0,6,0,9,5,0,0,3,0,2,1,0,0"
12/06/21,"3,0,2,7,0,0,0,9,8,0,0,0,9,0,5,1,0,2,9,1,7,0,0,8,0,0,3,0,0,0,0,9,6,0,8,0,7,6,0,8,0,0,0,1,0,0,9,8,0,7,1,0,6,4,0,4,0,2,6,0,9,0,0,6,3,1,0,4,0,0,0,0,2,0,0,0,0,3,5,0,0","5,0,0,0,0,0,3,0,0,0,0,9,0,0,0,0,2,7,4,0,0,1,0,5,0,0,9,2,0,0,0,0,0,0,7,0,0,0,0,0,0,6,0,0,0,0,0,6,0,4,9,0,0,0,3,0,0,0,2,7,9,0,0,0,8,0,6,0,0,0,0,0,0,0,0,0,3,4,0,1,2","0,2,8,7,0,5,0,0,0,9,0,0,0,0,4,0,1,0,0,0,0,0,6,0,0,0,0,7,0,4,2,0,0,9,0,0,3,0,0,9,0,0,6,0,4,0,0,0,0,0,0,0,0,0,0,0,0,0,0,0,0,7,0,0,0,2,0,0,6,8,0,0,0,0,0,3,0,0,0,0,9"
13/06/21,"4,0,3,5,9,0,7,2,0,0,8,0,6,0,0,0,3,0,7,0,9,0,0,4,0,0,5,1,5,8,0,6,0,0,0,0,0,7,2,0,0,0,8,0,9,0,0,0,2,3,8,5,7,0,0,1,5,4,0,0,0,0,2,0,0,0,8,0,3,4,5,0,0,3,0,0,0,2,0,8,7","9,0,0,7,0,4,0,0,1,0,0,0,0,0,0,0,6,0,1,0,0,0,0,0,0,0,0,0,0,1,8,0,0,2,0,0,0,0,3,0,0,0,4,0,0,0,0,5,0,0,2,0,0,0,0,0,0,3,0,6,0,5,8,0,5,4,0,0,9,3,0,0,0,0,0,5,8,0,0,0,0","0,8,0,0,3,0,0,5,7,1,0,0,6,0,0,0,2,0,6,9,0,0,0,2,0,8,0,0,0,4,8,0,0,0,0,0,0,1,0,0,0,0,0,7,0,0,3,0,0,0,0,9,0,0,0,0,0,3,6,0,8,0,2,0,0,0,0,7,0,0,9,0,0,0,0,0,0,0,0,1,0"
14/06/21,"0,4,0,1,2,0,9,0,0,9,8,2,0,0,5,7,0,0,5,0,0,9,0,0,4,2,0,0,9,4,0,0,0,2,0,1,0,0,1,2,7,0,6,5,9,0,0,0,8,1,0,0,0,7,0,0,0,0,8,2,0,6,3,0,0,8,3,0,6,0,7,0,3,6,0,0,0,1,0,0,2","8,0,5,0,9,0,0,0,3,0,0,0,0,0,0,4,0,0,0,0,7,3,0,0,0,0,5,0,0,0,2,0,0,3,0,0,0,0,9,0,5,0,0,7,0,0,0,2,0,0,7,5,0,0,0,0,0,0,2,0,8,6,0,0,0,1,0,3,0,0,0,7,0,0,0,8,0,0,0,0,0","8,0,0,0,0,0,0,4,0,0,0,0,4,7,0,0,0,9,0,0,9,0,0,5,0,0,0,0,5,0,0,0,0,9,0,0,0,1,0,0,6,3,0,7,0,0,0,7,2,0,1,6,0,0,2,4,0,6,0,0,0,0,0,0,0,0,0,2,0,0,0,0,0,0,0,0,0,7,0,8,0"
15/06/21,"4,8,1,5,7,0,0,9,0,0,0,7,1,0,0,8,0,4,0,0,6,8,0,4,0,5,0,2,1,0,0,4,0,0,0,9,7,4,0,0,0,5,0,0,3,0,0,0,0,9,3,2,4,1,0,9,0,3,0,7,0,0,5,1,0,0,9,2,0,7,0,0,0,0,8,0,0,0,0,6,2","0,0,0,6,0,0,2,0,0,2,0,0,0,9,5,4,0,0,9,0,0,0,7,0,0,0,0,8,0,0,0,0,4,0,0,0,0,9,7,0,0,0,0,0,0,1,0,0,7,6,9,0,0,0,0,0,5,0,4,7,8,0,0,0,8,0,2,0,0,0,0,3,0,3,0,0,0,0,5,0,2","0,0,0,9,8,5,0,0,0,0,8,0,0,0,0,1,0,0,6,2,0,0,0,0,0,9,0,8,0,0,0,0,0,0,1,6,0,4,0,0,0,0,0,0,2,0,0,0,8,9,4,0,0,5,0,0,0,0,2,1,0,7,0,0,0,0,0,3,9,0,0,0,0,5,3,0,0,0,0,6,0"
16/06/21,"0,7,0,1,8,0,4,2,0,0,8,2,0,4,0,3,7,0,6,4,0,0,0,2,9,8,0,9,0,5,0,0,4,0,0,8,0,6,8,0,0,3,0,0,2,0,2,3,0,0,7,0,0,9,1,0,6,4,0,0,2,0,0,8,0,0,9,2,0,0,6,0,2,0,0,7,0,0,0,1,0","0,0,0,8,5,0,0,0,0,0,0,1,0,0,9,8,3,0,0,4,0,0,0,2,0,0,7,0,0,0,4,0,0,0,0,3,0,0,7,0,0,0,1,2,0,0,0,0,1,0,0,9,0,5,7,0,0,0,0,8,0,5,0,3,0,8,0,0,0,0,0,0,0,0,0,0,9,0,0,0,6","0,0,0,0,0,0,2,0,4,0,6,0,0,0,2,0,5,0,0,0,0,5,8,0,1,6,0,1,0,0,0,0,0,0,0,7,3,0,0,1,0,6,0,0,0,4,0,0,0,0,0,0,0,0,0,1,8,0,2,0,0,0,0,0,0,0,7,0,0,9,0,0,0,0,3,0,5,0,0,4,8"
17/06/21,"0,8,7,2,1,0,4,0,5,0,9,0,0,4,0,1,0,6,0,1,4,0,0,3,0,0,7,1,0,0,0,3,8,7,0,0,4,0,9,1,0,0,3,6,0,0,0,2,0,7,0,9,0,0,9,4,0,0,0,0,6,1,0,3,0,1,5,6,4,0,0,0,7,0,0,0,0,0,0,2,4","0,8,0,0,0,0,9,0,0,0,0,2,0,0,1,0,0,3,0,0,9,2,0,0,7,0,0,0,0,1,0,0,6,0,5,0,9,0,0,0,0,0,0,6,4,0,0,6,5,0,0,0,0,0,0,0,0,0,0,4,0,0,2,3,0,8,0,0,0,0,0,0,0,0,7,8,0,5,0,9,0","3,5,0,0,4,0,0,0,0,0,0,7,0,0,9,6,0,0,4,0,0,7,8,0,0,0,0,0,0,0,0,0,0,8,0,0,0,4,0,6,0,0,0,0,9,0,0,6,0,2,0,5,0,1,7,0,0,9,0,0,0,0,0,0,0,0,1,0,7,0,0,0,0,0,0,0,0,2,7,3,0"
18/06/21,"0,4,0,0,8,5,3,0,0,0,8,0,0,9,6,0,2,0,0,9,0,3,4,0,0,0,5,3,0,1,8,6,0,2,0,0,0,0,4,0,3,2,5,8,0,0,0,2,0,0,0,6,3,1,6,0,0,9,0,4,0,0,3,7,0,0,5,0,0,0,6,2,4,2,0,0,0,3,0,1,0","0,0,4,6,0,0,0,1,0,3,0,7,0,0,0,0,9,0,6,0,0,0,0,1,7,0,2,0,7,0,8,0,0,2,0,0,9,0,0,0,5,0,0,0,0,0,0,0,0,6,0,8,0,1,0,0,0,0,2,8,0,0,0,0,0,0,0,0,0,0,0,7,0,9,0,7,3,4,0,0,0","0,0,4,2,0,3,6,0,0,0,0,0,0,0,0,0,0,5,3,9,0,5,8,0,2,0,0,6,0,0,4,5,0,0,0,0,1,0,0,9,0,0,0,0,0,0,2,3,0,0,0,7,0,0,0,0,0,8,0,0,0,0,6,5,8,0,0,0,0,0,9,1,0,0,0,0,0,0,0,0,0"
19/06/21,"9,0,7,8,0,5,0,0,1,0,6,2,4,0,0,0,3,0,0,5,0,6,1,0,4,7,9,5,0,0,0,6,0,7,0,4,7,0,0,0,4,8,0,0,0,0,0,1,0,0,3,2,0,6,0,0,0,3,0,0,5,6,7,6,0,3,5,2,0,0,1,0,8,9,0,1,0,0,0,0,0","0,9,6,0,0,0,0,4,0,4,0,0,6,0,0,5,0,1,0,0,0,7,0,5,0,6,9,0,3,4,0,6,9,0,0,0,0,0,0,0,8,1,0,0,0,0,0,8,3,0,0,0,0,0,0,0,0,0,0,0,2,0,0,0,0,9,0,0,0,8,7,0,1,0,0,0,0,0,0,3,0","9,0,7,0,2,0,0,0,0,0,0,5,0,0,0,0,0,6,0,0,1,4,0,9,0,0,0,0,0,0,0,0,6,0,0,3,0,0,0,0,0,8,2,0,0,0,2,4,3,0,0,0,0,0,0,0,0,0,0,0,0,7,0,5,8,0,0,0,1,0,9,2,0,0,0,9,6,0,0,0,0"
20/06/21,"0,0,2,7,0,0,1,5,6,0,3,0,6,2,8,0,4,0,7,6,9,0,0,0,0,3,0,9,0,7,0,4,5,3,0,0,0,0,0,0,8,0,7,2,0,6,2,0,3,0,0,5,0,0,0,5,0,1,0,3,0,0,9,0,7,0,0,9,0,2,0,5,4,0,1,5,7,0,0,0,0","1,0,0,0,6,0,0,0,0,0,0,0,0,4,0,0,0,0,4,0,3,0,0,8,0,0,1,0,0,2,0,0,0,1,0,4,6,0,0,0,0,0,0,0,9,0,5,0,9,0,0,0,8,0,0,8,6,0,0,1,0,0,0,0,0,9,8,0,0,0,5,0,0,0,0,7,0,0,0,0,2","0,0,1,0,0,4,5,0,0,0,0,0,5,3,6,0,0,0,0,0,0,0,8,0,2,0,0,6,0,0,0,4,0,0,0,0,0,5,0,8,2,0,0,0,7,3,0,2,0,0,7,0,0,0,4,0,0,0,7,0,0,0,0,1,0,0,0,0,0,0,8,5,0,0,3,0,0,0,0,6,0"
21/06/21,"6,8,1,5,4,0,0,0,0,4,0,0,2,6,0,0,0,8,0,0,3,0,0,0,7,6,4,0,0,0,0,8,9,6,3,7,0,9,8,6,7,2,0,0,0,7,4,0,0,0,0,9,0,0,0,0,0,0,0,0,3,2,6,0,0,0,8,2,6,0,5,0,5,6,2,1,0,0,0,7,0","9,0,0,0,0,0,0,8,0,0,0,0,6,0,4,0,0,0,0,0,0,7,0,0,0,5,0,0,2,1,0,0,0,0,7,0,0,0,5,2,0,0,1,6,4,0,0,9,0,0,0,0,0,0,4,0,0,0,0,0,0,0,0,0,0,0,1,5,0,2,0,8,0,3,0,0,7,2,9,0,0","0,0,0,9,0,0,0,0,0,0,8,4,0,0,6,0,0,0,0,0,6,0,0,0,1,9,0,3,7,0,0,0,0,0,0,2,0,0,0,0,1,0,0,7,0,0,0,0,8,0,4,0,0,0,5,0,0,0,0,0,0,2,0,0,2,7,5,0,0,0,3,0,0,0,0,4,0,0,0,0,6"
22/06/21,"3,0,0,7,9,2,1,0,0,7,0,4,0,3,0,0,2,0,5,0,9,0,1,0,0,6,0,2,0,0,9,0,0,0,5,7,0,6,0,2,7,0,0,1,0,1,0,5,4,0,0,8,0,2,0,0,0,6,0,7,4,0,9,0,9,2,0,0,8,0,7,1,0,3,7,0,0,9,0,0,0","1,0,9,0,0,3,0,0,0,0,5,0,0,0,0,9,0,4,0,7,2,0,5,0,0,0,0,0,3,0,0,8,0,0,0,0,0,0,1,5,4,0,0,0,0,0,4,0,0,7,0,0,9,2,0,1,7,0,0,6,2,0,0,0,0,0,0,0,0,0,3,9,0,0,0,0,0,0,7,0,0","0,0,3,0,0,0,6,8,0,6,0,0,0,0,8,0,0,0,0,7,0,0,3,0,5,0,2,0,0,0,5,0,6,3,0,0,0,0,0,7,0,0,0,0,0,4,0,0,1,8,0,0,9,0,0,0,1,0,0,0,0,0,0,0,0,0,0,4,0,8,0,0,0,5,2,0,0,0,0,0,0"
23/06/21,"9,3,4,6,0,0,7,0,1,6,2,1,0,7,3,0,4,0,7,0,0,2,0,4,0,0,6,2,6,3,0,0,0,0,0,0,0,0,0,4,2,1,0,5,0,4,0,0,0,0,0,9,7,2,0,9,6,5,4,0,0,0,0,0,0,0,0,0,7,4,1,9,0,4,0,0,8,0,2,0,0","0,5,0,4,0,0,0,0,6,1,7,0,0,2,0,0,0,0,0,0,2,0,8,0,0,0,0,0,8,0,0,4,0,0,0,0,0,0,0,0,0,0,0,0,0,0,0,5,0,0,9,1,3,2,0,2,0,5,0,0,0,8,0,0,0,0,7,1,0,0,6,0,0,0,9,0,0,8,5,0,0","0,0,6,0,8,0,5,7,9,0,0,0,6,0,0,0,4,0,4,0,0,0,0,0,0,8,0,0,3,0,1,9,0,6,0,0,0,0,0,0,0,0,0,0,3,0,2,0,0,0,3,0,0,8,0,0,8,0,0,9,0,0,1,0,0,2,0,6,0,0,0,0,9,0,0,2,0,1,0,0,5"
24/06/21,"0,5,0,2,0,9,4,0,0,8,0,7,4,0,0,0,0,3,4,0,3,7,8,0,2,0,0,5,0,0,0,1,0,0,7,8,2,1,0,9,0,7,0,0,4,3,0,0,0,4,8,1,0,0,0,4,0,8,0,0,0,5,0,0,0,5,0,0,6,3,0,9,0,0,6,0,7,4,8,1,0","0,0,9,1,0,0,0,0,0,0,0,4,0,0,0,0,0,0,0,0,0,0,0,8,4,2,7,3,0,0,0,1,0,9,0,0,0,0,0,6,0,4,0,0,0,0,2,8,0,0,0,0,0,0,0,1,0,0,0,0,2,0,4,0,0,0,0,0,3,1,0,0,7,3,5,0,0,0,0,0,0","0,0,0,0,8,0,0,6,0,0,3,0,5,0,0,0,0,0,0,0,6,0,9,0,2,0,0,0,6,0,0,0,4,0,0,0,0,0,0,3,0,0,0,0,8,3,5,9,0,0,0,0,0,1,0,0,0,0,0,0,0,1,0,0,1,0,9,0,0,4,0,2,0,9,0,0,3,5,0,0,0"
25/06/21,"3,5,8,9,7,1,0,0,0,1,7,0,0,0,4,0,0,9,6,0,0,0,0,2,0,8,0,2,8,0,3,0,0,0,5,0,0,1,0,0,0,0,7,6,4,0,0,5,1,0,6,0,2,0,0,0,9,0,2,0,4,0,5,4,3,0,0,1,5,2,0,0,0,0,1,4,6,0,8,0,0","0,0,6,9,0,0,0,8,7,0,0,0,0,1,6,0,0,0,0,0,7,0,3,0,0,9,0,6,5,0,0,0,0,8,0,4,0,0,0,6,0,0,0,1,0,0,0,0,0,0,0,7,0,0,0,0,0,0,2,8,0,3,9,9,0,3,1,0,0,0,0,0,0,2,5,0,0,0,0,0,0","0,6,0,0,0,0,1,8,0,0,0,0,0,0,0,0,0,0,0,0,8,6,0,0,0,5,4,6,0,0,1,0,0,0,0,0,0,3,0,7,0,5,0,2,0,4,0,0,0,6,0,0,7,0,0,5,0,0,0,0,8,0,2,0,0,0,0,2,0,9,0,0,0,0,4,9,0,7,5,0,0"
26/06/21,"0,3,4,9,5,6,0,8,0,8,6,5,0,0,7,0,3,9,0,0,9,0,3,0,0,0,2,3,0,0,7,0,5,1,4,0,1,0,0,3,0,8,0,0,5,9,0,6,1,0,0,0,0,0,0,8,0,0,2,9,0,0,7,6,7,0,0,0,0,2,9,0,0,0,0,4,0,0,6,1,0","0,0,0,0,0,0,0,3,0,0,8,5,1,0,3,0,0,2,0,0,0,0,5,2,0,8,0,0,0,0,0,0,6,0,0,3,0,3,8,7,0,0,9,1,0,0,0,0,0,0,0,0,5,0,0,0,1,0,7,8,0,0,0,0,0,9,3,0,0,0,4,0,7,0,0,0,2,0,0,0,0","6,0,0,0,1,8,0,0,9,4,0,0,0,7,0,0,0,0,9,0,0,0,0,0,0,6,0,0,0,4,0,0,0,7,0,3,0,0,0,0,0,5,0,0,0,0,7,0,1,3,0,0,0,0,8,0,0,0,0,4,0,2,0,0,0,3,2,0,0,8,5,0,0,0,0,0,8,0,0,0,6"
27/06/21,"5,0,1,0,2,0,0,0,8,7,0,0,8,0,0,0,6,1,8,0,2,3,0,7,9,0,0,0,7,3,2,0,4,0,9,0,0,2,0,0,0,9,7,0,0,0,0,0,7,0,1,4,0,6,2,1,9,0,4,0,0,3,0,0,0,0,0,5,3,1,4,0,0,4,5,0,7,0,6,0,0","6,0,0,2,0,0,0,1,9,0,9,0,0,0,8,0,0,0,0,0,0,0,6,0,0,5,0,8,2,0,4,0,0,0,0,0,0,0,4,0,7,2,5,0,0,0,0,0,0,0,0,1,0,0,0,0,8,0,4,7,0,0,0,0,0,0,0,0,0,0,6,3,0,0,1,9,0,3,7,0,0","0,0,2,0,0,0,0,5,9,8,0,0,1,0,0,0,0,0,4,0,0,0,0,0,0,2,3,0,2,0,0,0,5,0,0,0,0,0,0,8,0,0,0,6,1,0,0,7,0,0,0,0,0,0,0,0,0,7,0,3,0,0,0,0,0,0,0,0,2,9,0,6,3,0,0,0,9,8,0,0,0"
28/06/21,"0,2,0,8,0,0,4,1,6,4,0,0,6,7,5,3,0,0,3,9,6,0,0,0,5,0,0,7,0,0,0,3,0,9,0,4,8,0,0,0,4,0,1,0,5,0,3,0,0,6,0,0,0,2,0,0,5,1,0,6,0,9,3,0,8,3,0,0,9,0,4,0,0,0,9,0,0,4,6,5,0","1,0,0,6,2,0,0,0,0,0,0,0,0,0,0,0,0,8,7,8,0,9,4,0,0,6,0,8,0,0,4,0,0,3,0,9,2,0,0,0,0,0,0,5,0,0,9,0,7,0,3,4,0,0,0,0,8,0,3,0,0,4,0,0,0,0,0,0,0,0,9,0,0,4,0,0,0,0,6,0,0","0,0,0,0,0,0,5,0,6,8,0,0,0,0,0,4,0,0,5,9,0,7,0,0,0,1,0,6,0,0,9,0,0,1,0,0,0,0,4,3,6,0,0,2,0,0,0,8,0,0,4,0,0,0,0,0,0,6,7,0,0,0,0,0,0,0,4,0,0,0,0,7,0,0,2,0,0,0,8,0,0"
29/06/21,"9,0,0,4,7,2,0,0,3,1,2,0,0,6,5,0,0,4,4,0,3,0,0,0,6,2,5,8,1,0,7,0,9,0,0,0,0,0,7,0,0,1,2,0,0,0,0,5,0,0,4,7,9,0,3,6,1,2,0,0,5,0,0,0,0,0,8,5,0,0,6,2,0,0,0,9,0,0,4,3,0","0,0,3,0,0,0,8,0,0,0,0,0,4,0,1,7,0,6,0,0,0,0,9,0,2,0,0,0,2,0,0,4,8,0,0,0,0,0,6,0,0,0,0,0,9,0,0,0,7,0,0,6,0,0,0,0,0,0,0,0,0,1,0,7,0,8,0,0,0,0,5,0,9,0,1,0,0,7,0,0,0","4,0,0,0,9,0,2,0,0,0,7,0,0,0,0,0,0,0,0,0,0,0,1,0,0,0,8,0,4,0,0,0,9,0,5,0,0,0,0,1,5,0,6,0,0,6,0,0,0,0,2,9,3,0,0,2,0,0,8,0,0,0,0,0,0,0,0,0,0,7,0,3,0,9,5,0,0,6,4,0,0"
30/06/21,"9,3,0,5,6,7,0,0,0,0,1,0,9,2,3,0,0,8,5,0,6,0,0,1,3,0,0,0,8,2,0,9,0,0,7,1,3,0,0,1,0,0,8,4,0,0,0,0,6,5,0,0,2,0,0,0,0,0,1,0,2,0,5,2,0,4,0,8,0,0,0,9,0,5,9,2,0,0,7,8,0","0,0,3,5,0,0,0,9,0,0,0,4,0,1,0,0,0,2,9,1,0,0,0,8,0,0,0,5,0,0,0,0,6,7,0,4,8,0,0,0,3,0,6,1,0,0,0,0,0,7,2,0,0,0,2,0,0,0,0,0,4,8,5,0,0,0,0,0,0,0,0,7,0,0,8,0,0,0,0,0,0","7,3,1,0,0,0,0,0,8,0,0,0,0,0,0,0,4,2,4,0,0,0,0,9,7,0,0,0,2,0,3,0,4,0,0,0,0,0,5,0,0,0,4,0,0,0,0,0,1,8,0,0,0,6,0,0,0,7,0,8,0,0,5,0,9,0,0,2,0,1,0,0,0,0,6,0,9,0,0,0,0"
01/07/21,"0,0,5,1,6,7,0,0,2,2,0,0,0,0,5,0,0,6,4,0,6,0,0,0,9,5,1,0,8,0,0,0,6,0,0,9,0,2,0,7,4,0,1,0,0,5,1,0,0,0,3,7,0,0,9,0,0,8,3,0,5,1,0,0,0,7,0,5,0,2,8,0,0,5,8,2,0,1,0,9,0","9,0,0,0,0,2,8,0,3,0,4,0,3,0,0,0,0,0,0,0,0,4,0,0,5,0,7,0,0,6,2,0,5,0,8,0,0,0,0,0,0,0,0,1,0,0,3,1,0,0,4,9,0,0,8,0,5,0,9,6,0,0,0,0,2,0,5,0,0,0,0,0,0,0,0,0,0,0,0,0,0","0,0,0,8,1,0,0,4,0,0,2,0,0,0,0,0,0,6,3,4,0,7,2,0,9,0,0,0,0,0,4,3,0,8,0,0,0,0,0,0,0,0,1,0,7,0,3,0,0,0,0,0,6,0,7,0,0,0,0,0,0,0,3,5,0,0,1,0,0,4,7,0,0,0,0,0,0,9,0,5,0"
02/07/21,"4,0,0,0,0,3,5,1,0,3,0,0,0,9,2,8,0,6,8,1,9,0,4,0,0,0,0,0,0,2,0,0,9,1,8,0,7,0,8,3,0,0,0,5,0,0,4,1,0,8,7,9,0,0,0,6,0,7,3,0,2,0,5,0,7,0,2,0,5,0,0,0,2,0,0,9,0,0,0,3,1","0,0,0,0,0,2,0,7,5,0,0,6,0,0,0,0,0,0,0,0,4,0,6,5,3,0,0,0,2,0,0,8,3,0,6,0,0,0,1,0,2,0,0,0,0,0,5,9,0,0,0,0,0,0,0,0,0,7,0,9,8,4,0,0,0,0,6,0,0,0,0,0,0,0,0,0,3,0,0,0,9","0,0,6,0,5,0,0,9,0,3,0,0,0,0,0,0,7,8,0,0,0,0,9,8,0,0,0,0,8,0,0,0,6,0,0,3,0,0,5,2,4,0,0,0,9,0,1,0,0,0,0,4,0,0,0,0,3,0,0,0,0,0,4,0,0,0,3,0,0,0,6,0,7,0,0,0,0,9,0,0,0"
03/07/21,"0,5,0,2,6,9,0,0,0,7,0,8,0,0,4,5,0,9,0,9,0,0,8,5,0,3,1,3,0,0,4,2,0,9,0,0,9,8,5,0,0,0,7,4,0,0,7,4,5,0,8,0,0,0,0,0,9,0,0,2,8,5,7,5,3,0,8,0,0,0,0,0,0,0,7,0,5,0,0,0,6","7,0,0,0,0,0,0,1,0,0,0,0,0,0,0,9,0,0,0,3,0,1,0,4,0,0,5,0,0,0,9,0,0,4,0,1,0,8,0,0,0,0,0,0,6,2,0,0,0,7,0,0,5,0,0,0,0,0,1,0,3,0,7,5,0,0,0,9,0,0,6,0,6,0,8,0,0,0,0,0,9","6,1,0,0,2,0,0,0,5,0,0,7,0,9,6,4,0,0,0,8,0,0,0,0,7,0,0,0,5,0,4,0,0,0,0,0,8,0,0,9,0,0,0,0,0,0,0,6,0,1,0,0,0,0,0,0,0,1,7,0,0,6,4,2,0,0,0,0,0,0,0,8,0,0,3,0,0,0,0,0,0"
04/07/21,"0,3,0,6,0,7,0,1,5,0,1,0,5,9,0,6,0,0,5,6,0,3,0,0,0,7,4,0,7,0,0,6,0,1,2,0,8,0,1,0,2,0,5,6,0,0,9,2,7,1,5,0,0,0,0,0,0,2,3,9,0,5,6,4,0,6,0,0,0,0,0,2,0,0,3,0,0,0,0,8,0","9,3,0,6,0,0,4,0,0,1,0,0,0,0,0,6,7,0,0,0,0,0,0,0,9,0,0,0,0,0,0,6,3,0,0,0,0,4,0,8,1,0,0,5,6,0,0,0,4,0,2,0,0,8,0,5,0,7,0,0,0,1,0,0,0,0,5,8,0,0,0,0,4,7,0,0,9,0,0,0,0","0,0,6,0,0,0,0,0,0,0,0,0,8,9,0,0,0,0,0,4,1,0,0,3,0,0,0,0,8,0,0,0,5,1,0,7,3,6,0,0,7,0,0,0,0,0,0,0,0,0,0,2,0,0,0,0,0,3,0,1,0,2,0,0,7,0,0,8,2,4,1,3,0,0,0,0,0,0,8,0,0"
05/07/21,"8,9,0,0,0,0,1,6,5,0,1,0,3,5,8,0,2,0,0,2,4,1,9,0,0,0,0,4,0,5,0,8,1,0,0,0,1,0,9,0,0,2,5,0,8,0,0,8,4,0,5,0,3,1,6,0,0,0,7,0,0,0,0,3,8,1,5,0,0,6,0,0,0,0,0,0,0,0,8,5,2","9,0,0,8,1,0,0,5,2,7,0,0,0,0,0,0,0,0,0,0,0,0,5,6,0,8,0,0,8,4,0,0,0,0,0,6,0,0,2,0,0,8,0,0,4,0,9,0,0,0,0,0,0,0,3,4,0,9,8,0,0,0,0,0,6,0,0,0,5,9,0,0,0,0,0,0,4,0,0,0,0","0,0,1,0,0,4,2,0,0,0,0,0,6,3,0,0,0,0,0,0,0,0,1,0,0,0,0,7,0,6,0,4,0,8,3,0,0,5,0,0,0,0,0,0,7,0,0,2,5,0,0,0,6,0,8,9,0,0,0,0,0,0,0,3,0,0,0,6,0,0,5,0,0,0,0,0,0,8,0,0,4"
06/07/21,"9,3,7,6,0,5,0,0,0,6,0,0,0,0,9,2,7,5,8,0,0,0,4,7,9,0,0,0,0,3,0,9,0,7,1,0,7,8,0,0,0,0,0,9,2,2,0,9,7,0,6,0,5,0,0,2,5,0,0,0,0,0,7,0,7,0,0,8,4,0,2,0,0,0,0,5,7,0,3,0,1","0,3,0,0,0,9,0,0,8,0,0,0,2,0,0,1,0,0,4,0,2,8,0,0,0,5,3,6,0,0,0,0,0,2,0,0,1,0,7,0,0,2,0,0,5,0,0,5,0,1,0,0,0,4,0,0,0,0,0,0,0,8,0,0,0,0,3,0,0,0,0,0,0,0,0,0,0,0,9,4,1","0,4,0,0,0,0,6,1,2,0,8,2,9,0,0,7,0,4,0,0,0,0,0,0,0,0,0,0,7,0,0,0,4,0,0,0,0,0,8,5,0,0,3,7,0,0,1,3,0,0,0,0,0,0,0,0,0,8,0,0,0,0,0,0,0,5,1,0,9,0,0,0,7,0,0,0,4,0,1,0,0"
07/07/21,"0,1,0,2,4,0,8,6,0,0,8,0,0,0,5,7,0,4,6,5,4,0,8,0,9,0,0,0,4,8,9,0,0,0,7,0,7,0,9,0,0,0,4,8,1,0,0,0,8,0,4,0,2,0,4,0,1,3,5,0,0,0,0,8,0,0,0,2,1,6,0,0,3,0,0,4,6,0,0,0,8","0,9,5,0,0,0,0,0,0,0,0,7,0,6,0,0,3,0,8,0,0,9,0,0,0,0,7,0,0,0,6,0,0,9,2,0,0,0,0,0,1,8,0,4,0,0,5,0,7,0,4,0,0,0,0,3,0,0,2,0,0,9,0,0,0,0,0,0,0,0,8,0,2,0,0,3,0,0,0,0,0","6,0,0,0,7,0,0,0,5,0,0,3,0,0,1,0,7,6,0,0,0,0,0,2,4,0,0,1,2,0,0,0,7,0,0,0,0,5,0,0,0,0,1,0,0,0,0,9,0,0,0,5,0,8,0,8,4,2,0,9,0,0,0,0,0,0,0,0,0,8,0,0,0,3,0,0,0,8,0,0,1"
08/07/21,"0,1,6,0,8,4,2,0,0,0,2,0,3,0,0,8,6,0,0,8,0,0,0,6,1,4,9,6,0,7,0,0,0,0,2,4,2,0,1,0,9,0,0,8,0,9,0,8,7,4,0,0,0,6,8,9,0,0,0,3,0,0,0,0,6,0,0,5,1,0,0,2,0,0,0,0,6,9,4,3,0","2,5,0,0,9,0,0,0,0,0,0,0,0,0,0,4,0,0,7,0,0,0,5,0,8,0,0,0,0,0,0,0,2,0,0,9,0,0,0,0,0,0,0,6,0,0,0,0,5,6,1,0,7,8,0,0,0,0,0,6,0,0,0,1,0,9,0,2,0,0,3,0,5,0,2,8,0,0,0,0,0","0,0,0,0,0,7,0,0,4,0,9,0,6,0,0,0,0,0,0,0,1,5,0,4,2,0,0,0,0,8,7,0,0,0,0,2,2,0,0,0,0,0,0,0,0,4,7,0,0,0,2,0,5,3,0,0,0,0,0,6,8,0,0,1,0,2,0,0,0,0,0,7,6,8,0,0,0,0,1,0,0"
09/07/21,"0,0,6,0,1,0,7,3,5,3,7,4,0,0,8,9,0,0,0,0,2,0,7,9,0,0,0,4,2,8,5,0,0,0,0,3,6,0,0,0,0,2,0,7,8,5,0,0,8,9,1,0,0,0,8,0,0,7,2,0,4,0,9,0,1,3,0,0,0,0,6,0,0,4,0,1,8,0,0,0,2","0,7,0,0,8,0,0,0,0,0,2,0,0,0,0,1,0,4,0,0,8,5,4,0,0,0,0,0,0,0,0,0,0,0,0,8,0,0,0,0,2,0,0,0,3,1,5,9,0,0,0,0,2,0,9,0,0,3,0,0,2,0,0,0,8,0,0,9,0,6,0,0,0,6,4,2,0,0,0,0,0","0,4,2,3,0,5,0,7,0,1,0,0,0,0,0,9,0,0,0,0,7,0,0,0,0,0,0,7,0,9,0,8,0,0,0,0,0,0,0,0,0,7,0,1,0,2,6,0,0,0,0,0,0,0,0,9,0,0,0,0,8,0,1,3,0,0,0,4,0,6,2,0,0,0,0,0,0,0,0,3,0"
10/07/21,"0,8,0,0,0,0,6,1,3,6,0,0,9,3,8,4,0,0,7,4,0,6,0,0,8,0,0,0,0,8,7,6,9,0,0,2,5,0,7,8,0,0,9,3,0,4,0,9,0,5,0,0,0,8,0,1,5,0,0,6,0,7,0,2,7,0,4,0,0,0,8,0,0,0,0,2,0,7,0,0,6","0,0,6,0,9,3,0,0,1,0,0,0,4,0,0,0,0,0,0,0,0,1,0,0,0,0,0,0,5,0,0,0,0,0,2,6,0,0,0,7,0,0,0,0,3,4,0,7,9,3,0,8,0,0,0,0,4,0,2,0,0,0,0,0,6,0,0,0,1,0,0,9,0,0,1,0,0,0,3,7,0","0,0,0,0,0,0,0,2,0,0,0,0,9,7,0,0,0,6,0,0,1,0,2,0,9,0,3,6,9,4,0,0,0,0,0,0,1,0,0,6,0,0,0,0,0,5,0,2,0,0,7,0,0,0,0,0,0,0,5,0,0,0,8,4,0,0,8,0,0,1,0,0,0,0,5,7,0,3,6,0,9"
11/07/21,"0,8,0,5,4,6,0,2,0,2,3,7,9,0,0,0,0,5,4,0,6,3,7,0,1,0,9,6,7,2,0,0,0,0,0,0,0,0,0,0,0,8,9,6,1,0,0,8,4,6,3,0,0,0,3,0,4,0,5,7,2,0,0,0,6,0,0,0,0,8,5,0,0,0,0,6,1,0,0,0,7","0,0,0,2,9,0,0,0,0,0,0,0,0,0,3,0,4,0,0,0,6,0,0,0,7,5,0,0,0,2,0,0,0,0,0,0,7,3,8,0,0,2,5,6,0,5,4,0,0,0,0,0,0,2,0,8,0,3,5,0,0,0,4,0,0,4,0,0,0,0,0,0,0,7,0,0,0,0,0,8,0","0,0,0,0,3,4,0,0,0,4,0,0,5,0,0,0,8,1,0,0,7,0,2,0,0,5,0,0,1,0,0,0,0,0,0,0,0,3,0,6,0,0,0,0,4,0,8,0,0,7,0,0,2,0,0,5,0,8,0,0,0,7,0,0,0,6,0,0,0,0,0,0,0,0,0,0,0,9,2,0,0"
12/07/21,"4,7,1,0,3,5,0,0,0,9,0,0,0,0,8,0,6,3,6,3,0,1,0,0,0,5,4,7,0,6,0,0,0,0,2,0,0,9,0,5,0,0,4,1,8,0,0,0,9,2,3,5,0,0,8,4,9,0,0,7,0,0,0,0,1,0,3,0,4,9,0,0,0,0,7,0,1,0,2,0,5","0,0,0,4,0,9,0,2,0,0,3,0,0,0,8,0,0,0,0,0,0,0,0,0,0,5,0,9,0,0,0,0,0,0,0,0,2,0,0,1,7,0,6,0,0,0,0,7,8,0,5,0,0,0,0,0,0,0,3,4,7,0,0,7,0,5,0,0,0,8,0,0,0,6,0,7,0,0,2,0,0","2,0,0,0,0,0,0,1,9,0,0,5,0,0,0,4,0,2,0,0,9,0,0,0,0,3,5,0,0,1,7,0,4,0,0,0,0,0,0,3,8,0,0,0,0,8,3,0,0,2,0,0,0,0,0,0,0,6,0,7,0,0,4,5,8,4,0,0,0,0,0,0,9,0,0,0,0,0,0,0,0"
13/07/21,"0,6,4,5,3,0,1,0,0,0,0,0,0,0,1,8,6,5,0,0,7,0,2,0,3,0,0,9,0,2,0,0,5,0,3,8,3,0,0,0,1,8,6,9,0,0,0,8,9,7,0,2,0,0,0,0,0,1,0,7,0,8,6,5,0,0,3,9,0,0,1,0,7,9,1,6,0,0,0,0,0","7,9,0,0,0,5,8,0,0,0,0,0,0,6,7,0,0,0,0,0,4,8,0,0,0,0,7,0,0,0,0,0,0,7,1,6,0,1,2,0,0,0,0,0,0,0,5,0,4,0,8,0,0,2,0,0,8,0,7,0,0,0,0,5,0,0,0,0,0,4,0,3,9,0,3,0,0,0,0,0,0","0,0,0,0,2,0,0,0,0,2,0,0,0,0,6,0,0,9,0,0,1,5,0,0,7,4,0,8,1,0,0,0,7,0,3,0,0,0,0,0,0,0,0,0,0,0,7,4,2,0,0,0,0,0,0,8,0,0,0,0,0,1,6,4,3,0,0,8,0,0,0,0,0,0,6,0,7,0,9,0,0"
14/07/21,"2,8,5,0,0,0,0,0,3,1,0,3,0,9,0,0,6,4,0,0,6,7,0,0,5,0,1,8,0,0,0,1,2,0,0,0,0,9,1,0,0,0,6,4,2,5,2,0,3,0,0,1,0,9,0,5,0,0,0,4,7,3,0,0,1,0,0,8,3,0,9,0,0,3,8,6,0,9,0,0,0","0,0,5,0,8,1,0,9,7,0,0,0,0,0,9,1,0,0,0,0,0,6,0,0,0,8,0,0,4,0,2,6,3,0,0,0,0,5,0,9,0,0,2,0,1,7,0,0,0,0,8,0,0,0,0,0,7,0,0,0,0,3,4,9,0,0,0,4,0,0,0,0,0,3,0,0,0,0,0,0,0","0,4,0,3,5,0,0,1,8,0,2,0,7,4,0,0,0,0,0,0,0,0,0,0,0,4,0,0,0,3,0,6,0,0,0,1,5,6,0,0,3,0,0,7,0,1,0,0,4,0,0,0,0,0,0,3,0,2,0,0,0,6,0,0,0,7,0,0,0,0,0,9,0,0,0,6,8,0,0,0,0"
15/07/21,"8,0,0,3,1,2,9,0,0,9,0,6,0,4,0,0,8,3,1,4,3,8,0,6,0,0,0,0,6,0,0,7,8,2,0,4,0,0,4,0,2,0,8,5,0,0,8,9,0,0,0,0,0,7,3,0,5,0,0,0,4,9,0,4,7,0,1,0,0,0,0,2,6,0,0,4,0,3,0,0,0","3,0,9,4,0,0,7,0,1,0,6,0,0,0,0,0,0,0,4,0,0,0,0,0,0,5,0,0,0,0,0,0,0,9,7,0,9,0,0,0,0,4,0,6,2,0,0,0,0,1,7,0,0,0,0,0,0,0,9,0,6,0,0,0,0,0,7,0,8,0,0,0,8,0,2,0,0,3,0,0,9","0,0,0,0,8,0,5,0,0,0,1,0,0,0,0,0,3,0,0,8,0,0,4,1,0,0,0,0,0,4,5,0,0,0,0,0,0,0,0,0,2,0,1,8,0,0,0,7,4,0,0,9,0,0,7,4,0,0,0,0,2,0,9,0,0,9,0,6,0,0,0,0,0,6,1,0,0,0,0,0,7"
16/07/21,"6,0,5,0,4,0,3,2,0,1,0,0,2,0,6,0,4,5,7,0,2,0,0,3,0,0,9,0,7,0,9,6,0,5,0,4,0,5,0,0,0,1,0,0,0,8,2,6,0,0,0,0,0,7,2,6,0,0,1,9,0,0,3,0,0,7,3,0,0,9,6,0,0,3,0,6,2,4,0,0,0","0,6,0,0,0,0,0,0,0,0,0,1,0,0,0,0,0,0,0,0,9,8,2,0,1,0,5,8,0,2,0,0,4,9,0,0,0,0,6,9,0,0,3,0,0,0,0,0,0,0,0,5,0,1,0,0,4,5,0,0,2,0,0,6,0,0,0,0,2,0,0,0,0,7,0,3,1,0,0,0,0","1,0,0,0,0,0,0,2,0,0,0,3,8,0,0,5,0,0,0,0,0,7,2,0,8,0,0,0,0,0,0,0,0,2,5,0,0,0,0,3,6,0,9,7,0,0,7,0,0,8,0,0,4,3,3,5,0,0,0,0,0,0,0,0,0,2,0,0,3,0,8,0,4,0,9,1,0,0,0,0,0"
17/07/21,"3,1,0,6,9,4,0,7,0,2,9,0,0,0,0,3,4,1,4,0,0,3,1,2,0,0,0,7,6,3,4,0,0,0,0,0,0,0,5,0,0,6,7,0,4,0,0,0,0,2,3,9,0,0,0,7,0,0,0,1,0,8,3,0,0,9,5,3,0,1,0,0,0,3,1,0,0,0,6,0,9","6,0,0,1,8,0,0,3,0,0,0,0,0,9,0,0,5,6,3,0,0,0,0,0,2,0,0,0,0,4,0,0,0,9,0,0,0,0,3,0,5,8,0,0,0,9,0,0,0,1,0,0,0,2,8,0,0,6,0,1,0,0,9,0,0,0,0,0,0,6,0,0,2,0,0,4,3,0,8,0,0","1,4,0,0,0,0,0,0,9,0,0,7,0,0,3,0,0,0,0,8,0,0,6,4,0,0,0,8,0,0,0,9,5,4,0,0,7,0,0,0,0,2,5,0,8,0,0,0,7,0,0,2,0,0,5,0,1,8,0,0,0,0,0,0,0,9,0,0,7,0,2,0,0,0,0,0,5,0,0,0,0"
18/07/21,"8,0,2,9,4,3,0,1,0,1,0,0,0,0,6,0,0,9,9,0,3,0,0,0,2,0,0,0,1,4,0,3,0,9,7,8,0,8,0,0,7,4,0,0,6,0,7,0,8,1,0,4,0,0,0,2,5,0,0,1,0,6,0,6,0,0,0,0,8,7,9,0,0,0,8,3,0,0,5,4,0","0,0,0,0,0,0,2,0,4,0,0,0,0,6,9,8,0,0,0,5,0,1,0,0,0,0,7,0,1,0,0,3,2,0,0,0,0,0,0,0,0,0,6,0,5,7,4,0,5,0,0,0,0,0,0,0,3,0,0,0,0,0,0,0,0,1,0,4,0,0,0,0,0,8,0,0,2,1,7,0,0","0,0,0,0,0,1,8,0,3,0,0,0,0,5,0,0,0,0,0,1,7,3,0,0,0,0,0,0,0,0,0,0,6,9,0,0,0,0,0,7,2,0,1,0,6,1,3,0,0,8,0,7,0,0,7,0,4,0,0,5,0,0,0,0,2,1,0,0,7,6,9,0,9,6,0,0,0,0,0,0,0"
19/07/21,"0,9,0,0,4,0,6,2,3,0,0,4,2,3,6,9,0,0,0,6,0,7,0,0,0,5,0,7,0,0,0,0,2,3,6,0,2,0,0,0,5,7,4,0,0,0,4,1,8,0,0,0,0,0,4,0,0,9,2,8,0,0,0,0,7,8,3,0,0,0,4,9,9,0,5,0,0,0,8,3,6","0,0,4,0,5,0,0,1,0,3,0,0,0,9,0,0,6,0,0,7,9,0,0,0,0,4,0,0,0,0,0,0,0,0,0,0,0,2,5,0,0,0,3,8,0,0,0,0,5,7,6,0,0,0,0,0,0,0,0,0,9,0,0,0,0,0,0,0,2,0,3,0,0,0,0,0,3,8,2,0,1","7,2,0,0,0,0,0,0,8,0,0,0,0,4,5,3,0,0,0,0,0,0,0,9,0,0,0,5,0,0,2,0,0,0,9,7,6,0,1,0,0,0,0,0,4,0,0,0,5,9,0,0,0,0,1,0,7,0,0,0,0,0,0,0,0,0,0,8,0,0,0,6,0,8,2,0,0,0,0,4,0"
20/07/21,"5,8,7,3,4,0,6,0,0,6,0,0,7,0,8,0,4,3,0,0,4,2,0,0,5,0,8,1,0,0,0,8,0,3,2,0,0,9,0,4,3,0,0,8,0,3,0,0,0,6,2,7,0,0,0,5,0,0,0,4,8,3,1,0,6,0,0,0,0,0,0,9,8,0,2,5,0,3,0,0,0","4,0,0,0,0,0,0,0,1,0,0,0,3,0,2,9,0,0,0,0,0,6,0,0,7,4,0,0,5,0,0,0,7,0,6,0,7,0,8,1,6,0,0,3,0,0,0,3,8,0,0,0,0,0,0,9,0,0,0,0,1,0,0,0,3,0,0,0,0,0,0,0,0,7,0,2,0,8,0,0,0","0,0,0,0,9,3,0,0,0,0,0,0,1,0,8,0,0,5,5,0,0,0,0,0,0,2,8,0,0,2,0,7,0,0,1,0,0,0,9,0,0,0,6,0,0,0,0,0,4,0,0,7,0,0,0,9,7,0,0,0,0,0,0,1,0,8,0,0,0,0,9,6,0,0,0,0,0,6,0,4,0"
21/07/21,"0,0,4,8,1,3,6,0,0,0,1,2,4,0,0,3,0,0,0,3,5,0,0,6,0,1,7,7,6,0,0,3,4,0,0,0,1,2,0,0,9,0,0,0,0,0,0,0,2,0,0,1,3,8,3,0,7,0,5,0,0,2,4,2,0,1,0,4,9,0,0,0,4,0,0,0,0,0,9,7,1","0,0,4,0,0,0,0,0,0,0,1,0,0,0,0,0,0,7,0,9,0,6,0,0,5,0,1,0,0,0,0,0,9,0,7,0,0,0,0,0,0,0,0,0,0,6,0,0,0,1,0,2,0,3,8,0,5,2,3,0,0,4,0,0,0,7,0,0,0,0,8,6,0,0,0,0,0,7,0,0,0","0,0,3,0,0,0,7,0,0,1,0,0,0,8,0,0,0,3,0,9,0,7,0,1,0,4,0,7,0,0,0,9,2,4,0,0,0,0,0,4,0,0,0,5,0,9,4,0,0,1,0,6,0,0,0,0,0,0,0,0,0,0,0,0,0,5,2,4,0,0,0,0,0,6,0,0,0,0,8,7,0"
22/07/21,"0,0,1,5,6,0,0,9,3,8,6,0,3,0,4,0,0,0,3,5,2,8,0,0,0,0,6,0,3,5,0,9,0,0,2,0,2,1,8,0,5,6,0,0,0,0,0,0,0,0,0,1,5,7,6,2,0,9,8,0,0,0,0,0,0,3,1,0,0,4,0,0,1,9,0,6,4,0,5,0,0","0,0,0,0,0,9,0,3,0,0,2,4,0,6,0,0,1,0,0,0,0,0,2,0,0,0,0,0,0,0,0,0,7,0,0,5,6,0,0,0,0,8,3,0,0,0,3,0,5,0,0,0,9,0,0,0,7,2,0,0,0,0,0,0,1,0,7,4,0,0,5,0,0,0,0,0,0,0,4,0,2","0,0,5,0,0,0,8,1,0,0,0,0,0,2,0,0,0,3,4,7,0,0,0,1,2,5,0,0,0,1,0,0,0,0,0,4,0,0,0,0,3,0,0,0,8,7,8,0,6,0,0,0,0,0,0,3,0,0,0,2,0,0,0,0,0,0,0,7,0,0,3,0,0,0,9,0,0,4,0,7,0"
23/07/21,"6,0,0,7,0,5,1,9,0,1,3,0,0,0,6,7,0,0,8,0,0,0,4,0,2,3,0,0,7,1,0,0,4,5,0,2,0,4,0,0,5,0,9,0,3,0,0,5,9,2,1,0,0,7,0,0,8,0,1,0,0,0,5,4,0,0,0,7,2,0,6,0,0,0,2,4,0,0,3,0,1","0,7,0,0,2,1,0,0,0,1,0,0,4,0,0,0,0,0,0,0,0,0,3,0,0,5,8,6,0,0,0,1,2,0,7,0,0,0,8,0,0,0,9,0,0,0,0,4,0,0,0,2,0,0,0,0,0,3,0,0,5,4,6,0,9,0,0,0,0,0,3,0,0,0,0,0,6,0,0,0,0","0,0,3,0,0,0,0,1,0,0,7,0,0,0,1,5,8,0,0,0,0,0,0,0,0,0,0,4,0,0,0,1,9,0,0,2,0,0,0,6,0,0,3,0,0,3,2,0,0,0,8,0,7,0,1,0,0,0,0,0,0,4,0,0,0,2,0,6,4,0,0,9,0,0,0,0,0,0,6,0,0"
24/07/21,"4,7,0,9,0,0,0,8,6,0,2,0,5,0,7,0,0,3,9,5,1,0,0,0,0,0,2,0,1,0,3,0,8,0,6,4,3,4,9,0,6,0,0,0,0,0,0,0,4,1,0,3,2,0,1,0,4,2,0,0,9,3,0,0,0,0,0,7,9,2,0,0,2,9,7,0,0,0,0,1,0","7,1,0,2,0,0,0,9,0,4,9,0,7,0,0,0,0,2,0,0,0,0,0,0,0,0,7,0,0,5,8,0,0,1,0,0,0,6,0,1,0,0,0,2,0,0,0,0,0,7,4,8,0,0,3,7,0,0,8,0,9,0,5,0,8,0,0,3,0,0,6,0,0,0,0,0,0,0,0,0,0","0,0,6,0,0,5,0,9,0,5,0,0,0,0,9,0,7,0,0,0,8,0,0,0,0,0,0,0,0,5,0,0,0,4,2,0,0,7,0,0,3,2,0,0,0,0,0,4,0,6,8,0,0,1,8,0,0,0,0,0,0,0,9,0,4,0,0,0,0,6,0,0,0,6,0,1,0,0,0,0,0"
25/07/21,"0,7,2,1,9,0,4,0,6,3,6,9,0,7,0,0,0,0,0,0,0,0,8,0,9,7,2,0,0,3,0,0,1,0,9,4,5,0,6,9,0,0,0,8,0,9,0,0,8,2,0,0,0,5,0,3,1,0,0,8,7,0,0,2,9,0,0,0,3,0,5,0,0,0,0,6,0,9,8,2,0","0,0,8,0,0,0,0,9,0,2,1,0,6,0,0,0,0,0,3,0,0,0,1,0,0,0,0,0,0,0,0,2,5,0,0,1,0,2,0,0,0,0,0,6,9,8,0,0,0,0,0,0,7,0,1,0,3,0,0,0,0,4,0,7,4,0,5,6,0,0,2,0,0,0,0,3,0,0,7,0,0","0,2,9,8,0,0,0,0,7,0,0,1,0,0,6,0,0,0,0,8,0,0,0,7,2,0,0,0,0,0,5,0,0,0,0,0,0,1,2,0,0,0,3,5,0,0,6,0,3,0,0,0,0,8,0,7,0,0,4,0,0,0,0,0,0,0,6,0,0,4,0,0,0,0,3,0,0,2,8,0,5"
26/07/21,"0,9,4,0,0,0,5,6,0,2,0,0,0,5,8,7,9,0,0,7,5,9,0,0,1,0,2,4,0,2,6,0,5,0,0,9,6,0,7,0,2,0,0,1,0,0,0,0,7,1,0,6,0,5,0,0,1,0,9,2,0,8,0,0,8,0,0,6,0,2,0,0,3,2,0,0,0,1,0,0,7","0,0,0,0,0,4,0,0,2,0,6,0,3,5,0,1,0,0,3,0,0,1,0,0,0,0,6,0,0,0,0,0,5,0,0,0,5,0,0,0,0,7,8,0,0,0,0,2,0,4,0,0,0,0,8,0,0,0,0,6,9,1,0,1,0,7,4,0,0,0,0,0,0,5,3,0,0,0,0,0,0","1,0,0,0,0,2,0,0,0,0,0,3,0,0,4,0,5,0,0,0,0,0,8,0,3,0,9,0,2,8,0,4,0,0,0,0,9,7,0,0,5,0,2,0,0,0,0,0,0,0,0,4,6,0,0,6,0,7,3,0,0,9,0,0,0,0,0,0,0,0,0,8,0,0,0,0,0,0,0,0,0"
27/07/21,"0,0,5,0,0,2,1,0,4,2,0,4,9,7,8,0,6,0,6,7,0,0,4,0,0,8,0,4,0,0,0,0,0,6,2,5,7,3,2,6,0,0,0,0,1,0,5,0,2,9,4,0,0,0,0,0,8,4,1,6,9,0,0,0,0,0,7,0,0,0,4,2,5,4,7,0,0,0,0,0,0","3,5,2,0,0,0,0,0,0,8,0,0,5,0,0,9,0,0,0,0,0,0,0,0,0,1,3,0,0,0,0,0,1,0,0,6,5,0,0,0,0,9,7,0,0,9,0,8,6,0,0,0,0,0,0,4,0,0,1,7,0,5,0,0,0,0,4,0,0,0,6,0,0,7,0,0,0,0,0,0,0","0,8,0,1,2,0,0,0,0,0,0,0,0,0,0,9,5,7,0,0,0,0,0,4,1,0,0,0,0,0,4,0,0,0,0,0,0,0,9,0,0,8,0,0,0,0,0,2,5,0,7,6,0,4,0,0,6,3,0,0,0,1,9,0,0,0,0,0,0,5,0,0,0,4,3,0,0,0,0,0,0"
28/07/21,"6,0,8,0,0,7,1,2,0,3,0,0,0,1,8,5,6,4,5,1,4,0,0,3,8,0,0,0,3,9,2,0,0,4,0,0,0,6,0,3,0,0,0,0,7,0,4,0,5,0,0,2,0,8,1,7,0,0,9,0,3,0,0,0,5,0,0,4,0,0,0,1,4,0,0,0,3,6,0,0,5","0,0,0,0,0,0,0,2,0,0,0,0,0,7,0,0,0,6,4,1,0,6,0,0,9,0,5,0,0,0,0,0,8,1,6,0,0,8,9,0,0,0,0,0,0,3,0,5,0,0,0,0,0,4,0,0,0,0,0,9,0,0,0,0,0,8,4,2,0,7,0,0,0,4,0,8,0,0,0,0,9","0,0,0,0,0,5,0,0,6,0,0,6,0,0,8,0,0,9,0,3,0,0,0,7,0,5,0,4,5,0,0,0,0,0,6,0,0,0,7,0,0,2,0,1,0,6,0,0,7,0,0,0,0,4,0,0,1,0,0,9,0,0,0,0,0,3,0,8,0,0,0,7,2,0,0,0,0,0,0,0,0"
29/07/21,"0,3,0,5,1,0,0,4,0,0,9,0,4,0,0,6,0,7,4,0,0,0,6,7,0,1,5,0,0,4,9,7,3,1,0,0,3,5,8,1,0,0,0,0,0,0,0,1,0,0,0,3,2,4,5,0,0,6,3,8,4,0,0,8,1,6,0,4,0,0,0,0,7,0,0,0,0,0,5,0,6","0,6,3,0,5,1,0,0,9,7,0,0,0,0,9,0,0,6,0,0,0,0,0,0,5,0,2,8,0,0,4,0,0,0,0,0,1,9,0,0,0,0,0,0,0,0,0,4,0,3,0,1,0,0,0,0,0,0,4,0,0,0,0,0,0,0,0,0,0,0,8,0,0,0,6,0,7,0,0,2,5","0,6,0,8,0,0,0,0,2,0,0,7,0,3,5,0,0,0,8,0,0,0,4,6,0,0,0,0,0,4,1,0,0,0,0,5,0,0,0,0,0,0,0,0,0,6,1,0,4,0,3,0,0,8,0,0,0,0,0,4,0,5,0,0,0,0,5,0,0,9,7,0,1,0,0,0,0,0,0,0,6"
30/07/21,"9,5,0,0,0,1,7,0,2,0,0,6,8,5,7,0,0,0,0,7,3,0,0,0,4,0,8,2,0,9,0,0,3,0,7,5,6,0,7,9,0,0,0,8,0,0,0,0,1,7,4,0,9,0,8,9,0,0,6,0,5,0,0,0,6,0,0,4,0,0,1,7,0,3,0,5,0,8,0,0,9","0,6,1,3,0,0,0,0,9,5,0,0,9,0,0,0,2,0,0,0,8,0,0,0,1,0,0,8,0,0,2,0,0,0,1,0,0,0,0,0,0,1,4,0,0,2,0,0,0,5,0,8,0,0,0,0,0,8,0,0,0,0,4,0,7,0,0,0,2,0,9,0,0,0,0,0,0,0,6,0,0","0,0,0,0,0,0,0,0,1,2,5,0,8,0,1,0,0,0,0,0,4,7,0,9,0,0,0,0,0,1,0,0,0,0,2,0,0,3,0,0,2,0,0,6,8,0,0,6,0,0,0,9,0,3,0,0,0,0,0,0,5,3,0,0,0,0,3,4,0,0,0,0,4,9,0,0,0,8,6,0,0"
31/07/21,"0,7,5,3,9,6,0,0,0,0,0,0,0,5,0,2,0,9,9,6,8,0,0,0,0,5,7,4,3,0,6,0,0,8,1,0,6,0,0,5,4,3,0,0,0,0,0,9,1,0,0,6,0,3,0,0,7,0,0,5,0,2,6,0,9,6,0,0,2,0,3,0,5,0,0,0,6,1,0,7,0","0,0,1,7,0,0,0,9,0,0,0,7,1,2,6,0,0,0,8,0,0,0,0,0,0,0,0,0,0,6,4,7,0,0,0,3,7,0,0,0,5,2,1,0,0,0,0,0,0,0,0,0,0,8,0,0,0,0,0,0,3,0,0,2,6,0,0,0,7,0,0,0,4,5,0,0,0,0,0,1,0","0,4,0,2,0,0,0,1,0,3,0,0,4,0,5,2,0,0,0,0,0,0,7,0,0,0,0,0,0,6,1,0,7,8,2,0,0,0,5,0,0,4,0,9,0,0,0,1,3,0,0,0,0,5,0,0,0,6,0,0,0,7,0,0,0,0,0,0,0,3,0,0,0,0,9,0,0,8,0,0,0"
01/08/21,"0,0,7,8,0,0,2,5,3,2,9,0,7,0,4,0,0,0,3,6,8,0,0,0,7,0,9,0,2,0,0,5,0,0,6,7,0,7,0,6,8,0,5,3,0,0,0,0,0,9,0,0,8,1,4,8,3,0,0,6,0,0,0,0,0,0,5,0,0,3,7,8,7,0,2,3,0,0,6,0,0","0,0,0,0,5,0,0,0,0,8,2,5,0,0,0,0,0,9,0,0,0,0,0,1,2,0,8,0,5,0,0,0,0,0,7,0,6,0,0,0,0,0,9,0,0,2,1,0,0,0,7,0,0,0,0,4,0,3,0,0,0,0,1,0,3,0,0,6,4,0,0,5,0,9,0,0,0,0,8,0,0","0,0,0,0,5,0,9,4,0,1,0,0,0,3,2,0,0,0,0,0,0,8,0,0,0,0,0,4,0,7,0,0,5,0,0,0,2,0,0,0,0,1,8,0,0,0,0,0,7,0,0,0,0,6,9,0,0,0,8,0,0,1,3,0,4,0,0,7,0,0,2,0,0,0,5,0,0,0,0,0,0"
02/08/21,"1,4,7,0,0,0,6,0,0,0,0,8,6,7,0,1,2,0,0,6,0,3,1,0,8,0,7,8,0,0,0,0,7,5,4,9,4,7,1,0,0,8,0,0,0,0,3,0,0,2,6,0,0,0,0,0,4,2,0,9,0,6,0,6,1,2,0,0,0,9,8,0,9,0,0,5,6,0,0,0,0","9,0,0,0,0,0,0,0,0,0,0,0,8,0,9,1,2,0,0,1,0,0,0,6,3,8,0,8,0,3,0,6,7,0,0,0,0,0,5,1,0,0,0,0,6,0,0,0,4,0,0,0,0,0,0,4,0,0,0,0,0,0,3,0,2,7,0,0,0,0,0,0,0,0,0,0,4,0,0,6,7","0,9,6,0,0,2,0,0,0,4,3,0,0,8,0,0,0,0,0,0,0,0,7,5,0,6,0,0,0,0,0,0,0,0,9,5,6,0,9,4,0,0,0,7,0,8,0,0,0,0,0,0,0,0,0,0,0,1,6,0,0,0,0,9,0,0,0,2,0,0,4,7,3,0,2,7,0,0,0,0,0"
03/08/21,"2,3,0,8,1,0,0,0,0,8,0,0,3,0,0,4,1,9,9,0,0,0,7,5,8,3,0,0,0,0,0,9,0,7,4,1,0,9,6,5,0,0,0,0,0,0,0,3,2,0,7,9,0,0,0,0,2,0,0,4,0,7,6,0,7,5,1,0,8,0,0,3,0,1,9,0,3,0,0,0,4","0,6,4,9,0,0,7,0,0,0,0,0,0,0,0,0,0,8,0,2,0,0,6,0,0,0,0,0,7,0,0,0,8,0,5,0,0,0,0,0,3,0,0,0,0,8,4,2,0,0,0,0,1,0,0,0,0,6,0,0,3,0,0,0,0,0,0,4,0,9,0,0,1,8,0,0,0,0,0,0,0","0,5,0,1,8,0,0,6,0,3,0,1,7,6,0,0,0,5,0,9,0,0,0,0,0,0,3,9,0,0,2,0,0,0,4,0,0,0,0,0,3,0,6,0,0,1,0,0,0,0,0,0,0,0,0,0,3,0,0,8,0,0,7,0,0,0,0,0,0,0,5,8,0,2,0,0,0,0,3,0,0"
04/08/21,"5,4,0,3,0,0,6,0,0,3,0,0,0,6,1,4,8,0,0,8,0,0,4,0,2,3,0,7,0,9,5,0,0,0,0,2,0,0,8,2,0,0,9,0,6,2,0,4,8,0,0,1,0,0,4,1,5,0,8,7,0,0,9,0,0,0,0,0,2,0,1,8,0,0,7,0,3,9,0,6,0","0,5,0,0,0,9,0,0,0,0,0,0,4,0,7,6,0,0,7,0,0,0,0,1,0,0,9,5,0,0,0,0,4,0,0,0,0,0,8,0,5,0,0,7,0,2,3,0,0,1,0,0,0,0,0,0,6,0,0,0,2,0,0,0,0,0,0,9,0,0,0,0,0,8,1,0,0,0,7,3,5","0,0,0,2,1,0,0,0,0,0,3,0,4,0,0,0,0,0,9,0,5,0,0,0,7,0,0,0,9,1,0,0,4,0,0,0,0,0,0,8,0,0,3,2,0,0,0,0,0,0,6,0,0,0,0,0,6,0,0,0,0,0,8,4,0,2,7,0,8,5,0,9,5,0,0,0,0,0,0,0,0"
05/08/21,"0,8,3,0,0,0,0,1,4,2,0,0,6,0,1,0,5,7,0,0,0,7,8,4,0,0,9,6,0,8,0,1,0,9,0,0,0,7,0,8,0,3,0,4,0,4,0,5,0,0,2,1,0,0,9,1,0,0,0,0,0,6,5,0,0,0,5,9,7,2,0,0,0,5,0,1,4,0,7,0,8","0,6,0,0,0,2,7,4,0,0,0,1,0,0,9,0,0,0,2,0,0,0,3,0,0,8,0,0,8,9,6,0,0,0,0,0,0,0,0,3,0,0,1,0,0,7,0,0,0,0,4,6,0,0,8,0,0,0,7,0,0,5,0,0,7,0,0,0,0,0,0,0,0,5,0,0,0,8,9,0,0","0,3,0,0,2,0,0,0,9,0,0,0,0,1,9,0,0,0,7,0,2,5,4,0,0,0,0,8,0,0,0,0,0,2,0,0,0,0,4,0,0,0,9,5,3,0,0,0,0,0,0,0,0,0,4,2,0,0,8,6,0,0,1,1,0,0,0,0,0,0,6,0,3,0,0,7,0,0,0,0,0"
06/08/21,"4,0,0,0,8,3,7,2,5,8,7,0,4,5,0,3,0,0,0,6,0,7,1,0,0,0,0,6,0,5,0,3,7,0,8,0,0,0,7,0,0,6,5,4,0,3,0,9,0,0,8,0,7,2,0,2,8,3,0,0,0,0,7,0,0,0,8,7,0,0,1,0,0,5,0,9,0,0,4,0,0","8,9,0,0,0,6,0,0,0,0,0,0,0,0,0,0,0,0,0,0,5,3,9,0,4,0,0,0,0,3,5,0,0,0,4,0,6,2,0,0,0,3,0,1,0,0,0,0,0,0,0,0,9,0,2,1,9,4,0,0,0,0,0,0,4,7,2,0,0,0,8,0,0,0,0,0,0,1,0,0,0","0,0,0,1,5,0,0,0,6,0,0,0,0,0,8,0,3,0,5,0,0,0,0,0,4,0,0,0,1,0,0,0,0,0,0,4,0,0,0,0,0,7,0,0,0,0,0,6,4,0,0,0,7,0,0,0,0,0,8,0,0,2,0,4,9,0,0,1,0,0,0,3,0,0,7,2,6,0,0,0,1"
07/08/21,"0,9,0,0,7,5,3,0,6,2,6,0,0,1,3,0,8,5,0,1,0,0,0,8,2,7,0,7,5,4,0,0,6,0,0,0,9,0,1,8,0,0,0,4,0,0,0,0,3,9,0,0,0,1,8,0,9,0,0,2,1,0,0,0,0,5,4,6,0,0,0,3,3,0,0,7,0,0,5,0,4","0,2,0,0,0,9,0,0,0,8,0,0,0,1,0,6,0,0,0,0,3,0,0,0,0,0,0,0,0,4,0,0,0,0,6,0,0,0,0,4,7,0,0,0,3,0,0,0,6,0,5,0,1,7,5,0,6,0,9,0,1,0,0,0,3,0,5,6,0,0,9,2,0,0,9,0,0,0,0,0,0","0,6,0,0,1,0,4,0,0,3,0,0,0,0,0,1,0,0,0,0,7,5,9,0,0,0,0,0,0,0,0,2,0,7,0,6,0,0,3,0,4,6,0,8,0,0,0,0,8,0,7,0,0,0,8,0,0,0,0,0,0,0,1,0,3,0,0,0,0,0,4,7,1,0,0,0,0,0,0,6,9"
08/08/21,"0,4,3,5,2,0,1,7,0,1,2,7,0,0,0,3,9,0,0,0,0,3,1,7,0,2,0,6,8,0,0,5,3,2,0,0,2,0,9,0,0,6,7,0,0,0,7,0,0,0,0,4,0,8,0,0,2,0,0,0,5,3,7,0,0,8,9,0,0,0,0,1,7,6,1,4,0,0,0,0,0","0,5,0,1,0,0,4,0,0,0,0,0,0,0,0,9,0,0,0,0,1,0,3,0,0,0,0,7,0,2,0,0,0,5,0,4,0,0,8,0,0,0,7,0,6,1,0,0,0,4,0,0,0,0,0,0,0,0,0,9,0,3,0,8,0,0,7,0,0,0,0,5,9,0,0,0,6,8,1,0,0","0,0,0,0,0,0,0,0,0,0,7,0,0,8,0,0,3,0,0,0,0,0,2,0,0,5,7,7,0,0,0,0,1,8,0,5,2,1,0,6,0,0,0,0,4,4,0,0,0,5,0,0,0,0,0,0,3,9,0,0,1,4,0,0,0,9,3,0,0,0,0,0,6,0,0,0,0,4,0,0,0"
09/08/21,"8,9,0,3,0,7,0,0,2,0,0,2,9,0,0,8,0,6,4,0,7,0,0,0,0,9,5,0,7,4,2,0,0,6,0,0,0,0,3,0,0,0,2,5,7,2,0,5,0,7,8,9,0,0,7,3,0,0,0,4,0,1,0,0,4,0,0,1,9,0,2,0,0,2,0,0,8,3,0,0,9","0,0,9,0,4,0,0,3,0,0,8,0,0,9,0,7,2,0,1,0,0,0,0,0,0,0,0,8,0,4,0,0,0,0,0,6,0,0,3,7,0,0,0,0,0,2,0,0,6,0,0,5,0,0,0,0,7,9,0,3,0,0,0,0,0,0,0,2,0,0,0,0,0,0,0,0,0,0,0,6,8","0,0,3,4,0,1,6,0,0,0,0,0,0,5,0,1,0,0,4,0,0,0,0,0,0,0,0,0,0,0,0,3,8,5,0,0,9,0,0,0,0,7,0,0,0,8,0,1,0,0,0,0,3,0,0,0,0,0,0,0,8,0,0,6,0,4,9,0,0,0,0,0,0,9,7,0,0,3,0,0,0"
10/08/21,"0,0,0,1,5,6,0,0,3,6,7,2,0,8,0,1,0,0,0,0,0,0,2,9,4,8,0,9,3,4,0,0,0,0,0,1,0,0,0,9,1,0,0,7,4,8,0,0,6,0,5,0,0,0,0,0,1,0,9,8,0,4,0,5,4,9,2,0,0,3,0,0,0,0,6,4,0,1,2,0,9","9,0,0,8,0,0,2,7,3,0,0,0,4,0,0,0,0,0,0,3,2,0,0,0,0,0,6,1,0,8,0,0,0,0,0,0,0,0,5,0,8,0,3,0,0,0,9,0,0,0,5,0,6,0,0,0,0,0,1,0,6,2,0,0,0,0,0,0,2,8,0,0,5,0,3,0,0,0,0,0,9","8,0,0,0,0,7,0,0,0,0,3,0,1,5,0,0,0,7,0,0,0,0,0,0,0,3,0,9,0,0,0,0,0,1,6,8,0,0,6,0,0,4,0,0,0,1,7,0,5,0,0,4,0,0,0,0,0,0,0,0,2,0,1,2,0,0,0,0,0,0,7,0,6,0,0,8,0,0,0,4,0"
11/08/21,"0,5,2,3,0,6,0,0,0,0,0,0,0,4,7,8,3,5,7,3,4,0,0,5,2,0,0,4,2,7,0,8,0,0,5,0,3,0,0,6,5,0,0,0,4,0,0,5,0,0,0,9,1,2,0,0,8,4,6,0,0,0,0,0,1,0,9,0,0,0,0,8,0,4,0,5,0,8,6,9,0","0,0,1,0,0,8,3,0,4,0,0,0,0,5,6,0,0,0,0,0,6,9,0,4,5,0,0,0,0,9,0,3,2,4,0,0,6,2,0,0,0,9,0,0,0,0,0,5,0,0,0,7,0,0,5,0,0,0,0,0,9,0,0,0,0,0,0,4,0,0,0,2,0,0,0,0,0,0,0,7,0","2,0,0,0,0,1,0,0,4,0,0,8,0,0,0,7,0,0,6,0,0,4,0,9,0,0,1,0,0,0,0,7,4,0,0,0,0,0,9,0,0,0,0,5,0,0,7,0,0,9,0,4,0,0,0,0,0,5,3,0,2,8,0,5,3,0,0,0,0,0,0,0,0,0,0,0,0,0,0,0,0"
12/08/21,"0,0,2,5,0,0,4,0,3,8,9,0,0,3,0,5,2,0,5,4,0,2,9,0,1,0,0,0,0,5,0,0,6,0,7,4,0,0,7,0,4,0,9,5,0,9,2,4,7,8,5,0,0,0,4,3,6,0,0,9,0,0,5,0,0,0,0,0,0,0,8,6,0,5,0,3,0,1,0,0,0","0,0,0,3,0,0,0,0,0,2,5,3,0,0,0,4,0,0,0,6,0,0,0,2,7,8,0,0,0,0,0,0,1,6,0,8,4,0,0,0,0,0,0,0,0,9,0,0,8,4,0,0,1,0,7,0,0,2,0,3,0,0,0,0,0,0,1,0,7,5,0,0,0,0,0,0,0,0,0,0,9","0,0,0,4,0,0,0,0,0,7,0,4,0,0,9,0,0,0,0,0,0,5,0,0,6,0,8,0,0,7,9,0,0,0,0,0,0,0,8,0,1,0,0,0,0,0,6,0,0,0,3,0,0,2,0,5,0,8,0,0,0,3,0,0,3,0,6,0,5,0,9,0,0,0,0,0,0,4,0,6,0"
13/08/21,"1,8,0,0,4,0,0,2,3,5,0,0,3,0,1,0,6,0,0,0,0,6,0,0,4,1,0,3,2,7,0,1,6,0,5,0,0,0,9,5,0,0,1,3,2,0,5,1,8,3,2,0,0,0,2,0,0,0,5,0,0,0,6,0,4,3,0,8,7,0,0,0,9,0,0,0,0,0,2,0,7","4,0,0,0,0,0,0,8,0,3,7,0,1,0,0,5,0,0,0,0,9,0,0,0,0,0,0,0,1,0,0,0,4,2,0,3,0,0,0,0,7,0,0,4,5,0,8,0,9,0,0,0,0,0,5,0,0,0,0,0,0,0,0,0,0,1,0,0,8,0,0,4,0,0,0,0,3,2,9,0,0","0,0,0,0,8,3,0,0,0,0,0,4,9,0,0,0,0,0,0,1,0,0,0,0,0,3,9,0,0,0,1,7,0,2,5,0,0,0,1,0,0,0,4,0,0,0,7,0,5,0,0,0,0,0,0,8,0,0,0,2,0,7,0,0,3,0,0,0,0,5,0,6,1,2,0,0,0,0,9,0,0"
14/08/21,"0,6,0,2,0,0,1,0,4,3,1,0,5,0,0,9,2,0,0,5,0,0,9,8,0,0,3,7,0,4,0,0,1,0,9,2,6,0,1,7,0,2,4,0,0,0,0,0,0,8,4,6,0,0,1,0,9,0,0,0,0,3,0,0,0,6,0,1,0,0,4,9,2,3,0,4,6,0,0,0,7","6,0,3,4,0,0,2,0,8,8,0,0,0,0,0,0,7,0,0,0,0,0,0,0,0,0,0,9,8,0,0,3,0,0,0,0,0,0,5,0,0,9,0,2,0,2,0,0,7,6,0,0,0,0,0,0,0,0,7,0,0,0,4,7,0,0,1,0,8,0,0,0,0,0,0,0,0,2,9,3,0","0,0,8,0,2,0,0,0,0,7,0,0,0,4,0,0,0,5,0,1,0,7,0,0,2,0,6,0,0,0,6,0,0,0,0,8,0,9,0,0,0,0,7,5,3,0,0,0,5,0,0,9,0,0,1,0,0,4,6,0,0,9,0,0,8,0,0,0,0,0,0,0,0,2,0,1,3,0,0,0,0"
15/08/21,"4,8,9,3,0,7,0,0,0,0,0,5,8,0,0,0,0,3,3,0,0,0,9,0,1,8,7,8,0,0,0,3,1,2,5,0,2,5,3,4,0,0,0,0,0,6,0,0,0,0,5,0,3,8,5,7,0,0,0,0,3,2,0,0,0,0,9,5,3,7,0,0,0,0,4,0,6,0,0,1,5","0,0,0,0,0,5,4,0,0,0,4,0,7,0,8,0,9,0,0,0,2,0,0,0,0,3,7,2,0,4,0,5,0,0,0,0,1,8,0,9,4,2,0,0,0,0,0,0,0,0,3,7,0,0,8,0,0,0,7,0,1,0,0,3,0,0,0,0,0,0,0,0,0,0,1,0,8,0,0,0,5","3,0,0,1,0,0,0,0,0,1,0,6,0,3,0,8,0,0,0,0,0,2,0,8,9,0,0,2,0,7,0,0,0,0,8,0,0,0,0,0,0,0,0,0,9,9,1,0,6,0,0,5,0,0,0,7,2,0,0,0,0,0,0,0,0,0,0,7,9,0,4,0,0,4,0,0,0,0,6,0,0"
16/08/21,"6,2,8,4,0,1,3,0,0,0,5,0,2,8,3,0,0,0,0,0,0,6,0,0,2,1,0,0,0,2,5,6,4,1,0,0,0,0,0,1,0,0,7,2,4,0,4,3,8,0,0,0,0,6,4,0,0,0,5,6,0,0,2,5,0,9,0,4,0,0,0,1,0,3,0,0,0,0,5,4,7","9,0,0,0,0,0,0,7,5,7,0,0,4,2,0,0,0,0,0,0,0,0,0,0,8,0,4,0,9,3,0,8,0,7,0,0,0,0,0,2,3,1,0,0,0,0,0,0,0,0,0,0,0,0,0,5,0,0,0,9,2,4,8,0,0,0,0,0,4,0,5,0,0,0,7,0,0,0,0,6,0","0,3,0,0,0,0,0,0,0,8,0,0,0,0,0,7,2,0,0,0,0,0,0,9,0,0,4,0,0,0,5,0,0,0,0,0,7,0,8,0,0,2,0,0,6,3,0,0,0,4,0,9,1,0,0,0,2,9,5,0,0,7,0,0,1,5,0,7,0,3,4,0,0,0,0,0,0,0,0,0,0"
17/08/21,"4,0,3,5,2,0,0,7,6,0,1,8,0,6,0,0,0,2,0,0,6,4,0,8,0,9,0,0,0,2,8,1,0,0,6,0,0,3,5,0,0,0,4,0,1,1,0,0,3,4,6,5,0,0,0,0,0,6,8,9,0,0,4,0,6,1,0,0,0,7,3,0,8,2,0,0,0,3,0,0,0","0,0,0,4,0,0,5,0,0,0,0,0,8,0,0,0,0,0,0,6,0,0,0,0,9,0,0,7,0,3,0,4,0,0,2,0,0,2,0,6,0,9,3,4,0,0,9,0,0,0,2,1,0,0,0,7,0,0,0,3,0,1,0,2,0,0,1,6,0,0,0,0,0,0,6,0,0,8,0,3,0","0,2,9,0,4,0,0,8,0,0,0,0,0,2,1,0,4,0,0,0,0,8,3,9,0,0,0,0,0,0,0,9,0,0,0,1,3,0,0,6,0,5,0,0,8,2,6,0,0,0,0,0,3,0,4,0,0,0,0,0,7,1,0,0,1,0,0,0,8,0,0,6,0,0,0,0,0,0,0,0,0"
18/08/21,"0,9,0,0,0,3,2,5,7,1,3,4,0,2,0,9,0,0,0,2,0,6,8,9,3,0,0,3,0,0,2,0,0,8,0,1,0,6,0,5,9,0,0,0,0,4,8,0,0,0,0,7,0,5,2,0,5,0,4,0,0,3,0,0,0,8,0,0,7,5,4,0,0,0,3,8,0,0,1,7,0","0,0,0,0,0,0,0,1,0,1,9,0,0,0,7,0,0,0,0,0,7,5,0,0,0,0,6,0,0,3,7,0,5,6,0,0,5,0,6,0,0,9,3,4,0,0,0,0,0,0,0,0,0,0,2,4,0,0,8,0,0,0,0,8,7,1,0,0,2,0,0,0,0,0,0,0,0,0,0,0,4","0,9,0,0,0,0,0,0,0,0,5,0,7,0,9,0,0,1,0,0,2,0,4,0,0,3,0,0,7,0,6,0,0,0,0,4,0,0,0,0,7,0,3,0,8,0,0,0,1,0,0,0,9,0,9,4,0,8,0,0,0,0,0,0,0,7,0,0,0,1,0,0,0,0,1,0,6,0,7,0,0"
19/08/21,"0,0,6,0,2,8,0,7,1,7,0,4,0,0,1,0,5,0,0,0,8,4,0,5,6,0,0,4,5,0,0,8,0,0,0,3,0,8,0,1,5,6,0,0,0,0,1,7,0,0,0,0,2,5,8,6,0,0,0,7,3,0,0,3,0,1,0,0,0,7,8,2,0,7,0,8,0,4,5,0,0","0,0,0,0,0,9,0,4,0,0,0,0,1,0,0,8,0,0,6,0,7,0,3,0,0,0,0,0,5,6,3,0,0,0,8,0,0,0,3,0,7,0,0,5,0,7,0,0,2,0,0,1,0,0,0,9,0,0,0,0,7,0,0,2,0,0,0,0,0,0,0,0,0,0,0,6,0,0,0,1,4","2,0,0,7,0,0,0,0,0,0,0,0,0,0,0,0,6,0,8,0,0,0,0,6,1,5,0,0,0,4,0,7,0,0,0,0,5,3,0,0,0,0,0,1,0,0,0,7,8,0,0,4,3,0,0,0,5,6,0,0,0,9,0,0,0,0,2,0,0,3,0,0,4,0,0,0,1,0,0,0,8"
20/08/21,"0,9,0,7,6,0,0,0,2,4,3,1,0,9,0,5,0,6,0,2,0,1,5,0,8,3,0,2,0,0,9,1,0,0,8,0,9,0,0,0,0,6,3,0,7,1,0,4,0,7,8,0,0,0,0,0,0,5,0,7,2,0,0,7,0,0,0,0,9,4,5,8,8,0,6,0,4,0,0,0,0","0,0,0,0,0,0,2,0,0,4,0,0,2,0,3,7,8,0,0,3,0,0,0,0,4,1,0,0,8,0,0,7,0,0,0,0,0,7,0,0,0,4,5,6,0,9,0,0,0,6,0,3,0,0,3,0,0,9,2,0,0,0,0,1,0,0,0,0,0,0,3,4,0,5,6,0,0,0,0,0,0","0,0,0,0,0,0,0,0,0,0,0,0,0,0,0,0,0,5,0,0,0,0,3,1,8,0,2,0,9,0,0,0,2,5,0,0,0,0,0,0,8,0,0,0,4,0,0,7,0,1,0,0,3,0,0,0,8,0,7,0,0,2,3,9,0,0,0,0,6,0,0,0,6,5,0,0,0,0,4,0,0"
21/08/21,"7,0,1,0,0,0,4,3,8,9,4,0,7,0,8,0,5,0,0,0,6,4,0,2,0,7,0,0,0,7,0,9,1,0,6,0,0,5,0,0,4,0,1,0,0,0,6,2,0,0,0,3,0,4,3,7,4,0,0,0,6,8,0,6,0,0,0,7,9,5,4,0,0,0,0,8,0,4,0,0,3","8,0,9,7,0,0,0,0,4,0,0,4,0,0,1,0,2,0,2,0,0,0,0,0,0,8,0,0,0,2,0,7,4,0,1,0,0,0,0,0,0,0,0,7,6,0,0,6,0,0,0,9,0,0,1,3,0,0,5,0,0,0,0,0,9,0,3,0,0,0,4,0,0,0,0,0,0,9,0,0,0","0,2,0,4,0,0,0,0,0,5,0,0,0,0,0,0,0,9,0,0,0,0,0,0,0,3,8,3,0,6,0,1,0,0,5,0,0,0,7,0,0,0,3,0,1,0,0,0,0,0,9,0,0,0,0,0,0,0,2,0,0,0,5,8,1,4,9,5,0,0,0,0,0,0,0,0,0,8,7,0,0"
22/08/21,"0,1,0,7,3,9,0,2,0,2,7,0,0,8,0,9,0,1,0,4,6,0,0,2,7,0,8,0,2,7,0,9,8,0,0,0,0,0,0,1,7,5,4,0,2,4,9,1,0,0,0,0,0,7,3,0,0,8,5,0,1,0,0,1,0,9,3,0,0,0,0,0,0,0,0,9,0,0,8,6,0","0,0,0,0,1,2,0,5,0,0,0,0,0,0,0,0,4,0,0,1,0,8,7,0,0,0,2,4,0,0,0,0,0,0,7,0,0,0,0,5,6,4,0,0,0,1,0,0,0,0,9,0,0,3,0,0,0,0,8,0,0,0,7,0,0,9,0,0,0,0,1,5,0,7,2,0,0,0,3,0,0","0,0,3,0,1,0,0,0,6,0,1,0,0,5,8,0,0,0,0,0,0,0,9,0,0,0,0,5,0,0,0,0,0,0,4,1,0,0,0,0,0,7,5,0,0,2,0,4,0,0,0,8,0,0,7,0,0,0,4,0,0,1,3,0,9,0,0,0,2,0,0,0,0,0,0,0,8,0,9,7,0"
23/08/21,"3,0,0,0,0,2,9,6,0,1,4,0,0,0,0,2,0,8,0,0,2,9,7,1,0,0,0,0,0,1,4,0,0,0,2,6,2,0,4,0,8,5,0,9,0,7,0,8,0,1,0,0,0,3,4,5,3,0,0,0,0,1,0,0,1,0,7,5,4,0,0,0,0,0,7,1,0,9,6,0,4","4,3,0,5,0,0,0,0,6,7,9,0,0,0,0,0,0,0,0,0,0,0,0,0,0,4,0,0,0,0,0,2,8,9,0,0,1,0,2,0,0,0,0,0,0,0,0,0,0,0,6,0,1,0,0,0,0,6,0,9,5,0,0,0,0,0,0,0,0,3,0,0,6,0,8,0,0,1,0,0,4","0,0,7,0,0,0,0,0,8,5,0,0,0,0,6,0,0,7,0,3,4,8,0,0,0,6,0,0,0,0,0,3,7,1,0,9,0,7,1,0,0,0,0,5,0,0,0,0,0,5,0,0,0,0,0,0,0,0,1,0,7,0,0,0,0,0,0,0,2,0,1,0,0,9,0,0,0,0,0,8,6"
24/08/21,"4,3,8,2,0,9,0,6,1,2,0,6,0,0,8,0,4,0,0,0,1,0,3,6,2,7,0,0,0,0,0,5,2,4,0,0,0,8,0,9,0,0,0,2,0,3,2,0,0,4,0,6,8,0,0,0,0,7,0,1,8,0,2,7,9,2,6,0,0,0,0,0,0,0,5,0,0,0,7,0,6","2,0,0,7,0,3,4,0,0,1,0,0,0,6,0,9,8,0,0,4,0,0,0,0,0,0,7,8,0,1,0,0,0,0,0,0,0,0,6,8,0,4,0,0,5,0,9,0,0,0,0,0,0,6,5,7,0,0,8,2,0,0,0,0,0,2,0,0,0,0,0,0,0,6,0,0,3,0,0,0,0","0,0,3,0,5,0,0,4,0,0,0,0,8,2,0,0,0,7,0,0,0,0,0,3,0,6,9,8,0,0,0,0,0,0,0,0,0,4,0,0,0,0,0,0,5,7,0,0,0,0,1,0,9,0,0,0,6,0,9,0,0,0,2,3,0,0,4,0,2,0,0,1,0,1,0,0,0,0,0,0,0"
25/08/21,"0,2,1,0,0,0,4,0,6,0,8,7,9,2,0,0,0,0,0,0,4,8,6,0,0,2,7,7,0,0,0,0,9,8,5,0,5,0,9,2,0,0,0,0,1,2,0,0,7,0,3,6,0,0,0,7,0,0,8,2,3,6,0,8,9,2,0,3,0,0,7,0,0,3,0,0,0,7,0,0,8","0,8,5,2,0,0,7,0,0,1,0,0,0,0,0,0,0,0,0,7,0,0,6,4,5,0,0,0,4,0,0,0,0,0,9,5,2,0,0,0,7,0,0,0,6,3,0,9,0,0,0,0,0,0,4,0,3,0,0,8,0,0,0,0,0,8,7,9,0,0,0,0,0,1,0,0,0,0,0,0,2","0,0,4,0,0,0,8,0,2,0,0,0,2,0,0,0,6,0,9,8,0,0,0,0,0,0,0,0,7,6,0,0,1,0,0,4,3,0,0,0,4,5,0,0,0,0,0,1,0,0,0,0,0,0,6,0,0,0,9,0,0,1,3,0,0,0,5,0,0,0,0,0,0,0,0,1,7,3,9,0,0"
26/08/21,"4,6,1,0,0,9,0,0,0,0,0,0,7,2,0,4,0,3,0,3,0,0,0,1,0,5,9,0,0,0,1,0,4,5,0,2,1,2,4,5,7,0,0,0,0,0,9,0,0,6,0,0,4,0,3,0,0,9,0,0,2,8,6,6,4,7,2,3,0,0,9,0,2,0,0,0,1,0,3,0,0","0,0,0,8,0,0,0,9,0,1,6,7,0,0,2,0,0,3,0,0,0,3,0,0,0,0,6,0,0,0,0,1,0,5,0,0,0,8,6,0,0,0,0,0,0,2,0,4,0,7,0,0,0,0,0,7,0,0,0,0,4,0,0,0,2,0,0,8,0,3,0,0,4,0,0,0,0,0,0,5,9","3,8,0,0,0,0,0,5,9,0,0,0,0,1,7,6,0,0,0,0,0,0,0,0,0,0,0,0,4,0,8,0,9,0,0,0,6,0,0,0,0,0,8,0,0,0,5,0,0,0,3,0,4,0,0,0,2,0,0,0,0,0,0,0,1,3,0,0,5,0,0,2,9,0,0,2,7,0,0,1,0"
27/08/21,"1,7,0,0,0,2,0,5,0,0,0,2,0,4,9,0,0,6,4,0,0,0,5,0,3,8,2,5,0,9,0,2,0,0,4,1,2,0,8,4,3,1,0,0,0,0,0,1,8,0,0,0,6,3,6,2,0,0,0,8,7,0,0,0,8,5,2,0,0,0,0,4,0,0,0,5,0,4,9,0,0","0,0,0,0,4,0,0,5,0,8,3,6,2,0,0,0,0,0,0,0,0,0,8,0,0,0,0,0,2,0,0,7,0,0,0,0,0,0,0,5,0,9,0,4,3,0,0,3,0,0,0,0,6,0,7,1,8,0,0,5,0,0,4,4,0,0,0,9,0,1,0,0,0,0,0,8,0,0,0,0,0","0,0,1,0,0,0,9,0,0,0,0,0,0,0,0,4,8,7,0,0,0,8,0,0,0,0,3,3,0,8,0,0,0,0,0,0,5,0,0,2,0,7,0,0,0,0,9,0,0,0,8,3,0,0,0,8,2,0,0,0,0,0,5,0,0,5,7,1,0,0,0,0,0,0,3,0,0,6,7,0,0"
28/08/21,"4,8,6,9,0,0,0,0,0,0,0,0,6,0,5,0,1,9,9,0,0,0,2,0,0,3,6,0,3,0,2,0,1,7,6,8,1,2,9,8,0,0,3,0,0,0,0,0,5,3,0,0,0,0,0,0,7,1,0,9,5,0,0,8,0,0,0,5,2,0,0,1,0,1,5,0,8,7,9,0,0","1,0,0,0,0,2,6,7,0,0,0,6,0,0,0,0,0,5,2,0,0,0,0,3,0,4,0,5,8,0,1,0,0,3,0,0,0,0,0,9,0,0,0,2,0,0,0,0,0,0,0,0,9,8,3,1,0,0,5,0,0,0,0,0,0,4,6,0,0,0,0,0,0,0,0,0,0,0,7,0,0","5,0,9,0,0,0,0,0,0,0,2,0,0,1,0,6,0,7,0,0,8,0,0,0,2,0,0,0,0,0,0,0,0,0,0,2,3,0,2,9,0,0,5,0,0,0,6,0,0,8,0,0,7,0,0,4,0,0,7,0,0,0,0,0,0,0,6,4,1,0,0,0,0,0,0,0,0,3,0,0,0"
29/08/21,"0,0,9,6,0,8,5,0,0,1,0,0,4,0,0,9,3,0,4,6,0,0,3,1,0,0,0,3,0,1,7,8,9,0,0,0,0,7,8,0,0,4,0,5,9,0,0,4,0,6,0,1,0,7,8,4,2,5,0,0,0,1,0,5,0,0,1,2,0,4,6,0,0,1,0,0,0,0,0,0,5","0,0,0,0,1,0,5,0,0,0,5,0,0,0,0,8,0,1,0,0,9,8,0,0,0,0,0,0,8,0,6,0,0,3,9,0,4,0,5,0,0,0,0,2,0,9,0,0,0,2,0,1,0,0,0,0,7,0,4,0,0,0,0,0,0,0,0,3,5,0,6,0,8,0,0,0,0,6,0,0,0","0,0,0,0,0,0,0,0,0,0,0,6,9,0,0,0,3,1,0,0,2,0,0,4,0,0,9,9,0,7,0,0,0,0,5,3,0,0,0,0,0,2,1,0,0,0,0,1,0,0,0,4,6,0,0,0,0,0,0,0,0,0,0,0,6,0,0,3,7,0,0,4,0,3,0,1,6,8,0,0,0"
30/08/21,"1,0,6,0,4,0,9,0,0,2,0,0,0,8,0,0,5,0,5,8,0,0,2,1,6,3,0,0,3,1,0,5,8,0,0,6,6,5,0,4,0,0,0,0,8,0,0,0,1,3,0,2,0,5,0,0,7,5,0,3,0,4,0,4,1,8,9,0,0,5,0,0,0,0,0,0,0,4,7,2,0","8,0,0,7,3,0,0,1,0,0,0,5,0,0,0,2,0,6,1,4,0,0,0,0,0,0,0,0,0,0,2,0,7,0,0,0,0,0,8,9,0,0,4,0,3,0,0,0,0,4,0,0,0,0,0,0,6,0,0,0,0,0,0,0,1,0,4,0,0,9,0,8,9,7,0,8,0,0,0,6,0","0,5,0,0,0,0,4,0,0,1,6,0,8,0,0,7,0,5,4,0,0,0,0,0,0,2,6,0,4,9,0,0,0,0,0,0,8,0,5,6,0,0,0,0,1,0,0,0,0,0,0,8,7,0,0,0,0,3,9,0,0,6,4,0,0,0,0,0,6,0,1,0,9,0,0,0,2,0,0,0,0"
31/08/21,"3,0,8,0,0,0,0,1,6,2,0,1,7,5,6,0,0,0,0,0,6,0,0,1,9,7,2,0,3,0,4,1,0,2,0,0,0,8,9,0,0,0,1,0,0,1,5,0,3,8,0,0,0,4,7,6,0,5,0,0,0,2,0,0,0,0,6,4,2,0,8,5,0,0,5,0,0,0,0,6,9","7,0,0,0,5,3,0,0,0,0,8,0,1,0,0,0,4,0,0,0,5,0,0,0,0,0,0,0,0,0,0,0,0,0,0,0,0,0,0,8,0,0,4,3,1,1,0,0,4,0,5,9,0,0,0,0,8,0,0,9,7,0,0,0,9,2,3,0,8,0,0,4,0,6,0,0,0,0,0,0,0","0,2,0,5,0,7,8,0,0,0,0,7,4,0,0,0,6,0,0,5,0,0,6,0,4,0,0,3,8,0,0,1,5,0,0,6,0,0,0,8,0,0,0,3,0,0,1,0,3,2,0,0,0,0,0,0,0,0,0,0,5,0,0,0,7,2,0,0,1,0,0,0,0,0,0,0,0,0,0,0,2"
01/09/21,"0,0,6,8,4,3,5,9,0,0,2,5,0,7,9,4,0,0,9,3,0,0,0,0,8,1,0,3,0,0,0,0,7,9,6,0,2,6,0,3,8,0,0,0,0,4,0,7,6,0,0,0,5,0,6,0,0,7,0,8,0,0,5,0,7,0,0,3,0,0,0,1,0,4,3,5,0,0,0,0,9","2,0,0,0,0,0,0,0,0,0,0,6,9,0,0,8,0,0,0,1,9,0,4,7,3,0,0,0,0,0,0,5,1,0,3,0,0,0,0,0,0,0,0,0,7,0,0,0,0,0,0,5,0,9,3,8,0,0,0,2,0,0,0,0,4,0,5,0,0,0,0,0,1,0,0,8,6,0,0,4,0","0,0,0,0,0,1,2,0,3,0,0,1,0,0,8,0,0,0,0,0,0,4,0,0,7,0,1,0,0,0,8,0,0,0,5,0,0,1,4,0,9,6,0,0,7,0,0,0,0,1,3,6,0,0,0,0,8,2,0,0,0,0,0,9,0,0,0,8,0,0,0,5,6,0,3,0,0,0,0,0,0"
02/09/21,"6,4,1,8,0,0,9,0,0,3,0,0,0,1,0,8,6,7,0,9,0,6,0,5,0,1,0,0,3,0,5,4,1,0,0,0,0,1,0,0,6,0,0,7,3,0,8,2,0,0,0,0,0,1,0,0,0,0,0,0,7,5,9,9,0,0,7,0,3,1,0,6,1,0,8,9,0,6,3,0,0","0,8,3,2,0,0,4,0,0,9,0,0,4,0,0,1,0,0,0,0,0,0,0,0,5,6,0,5,0,9,0,0,1,2,0,0,0,7,0,0,0,0,0,0,6,0,6,0,0,4,0,0,0,0,0,0,0,0,0,0,0,0,3,0,0,8,3,0,0,0,0,0,4,0,0,0,0,6,0,5,0","0,0,0,0,8,0,0,1,0,7,0,0,0,0,1,0,2,0,0,8,0,0,0,2,3,0,0,0,0,5,0,0,0,4,0,9,2,0,1,0,0,9,8,7,0,0,0,9,0,0,0,0,3,0,0,0,0,6,9,0,0,0,0,0,0,0,0,7,0,0,8,3,0,0,0,4,0,0,0,0,0"
03/09/21,"0,9,0,0,5,3,7,0,6,6,7,0,1,9,0,0,5,0,5,0,4,0,0,2,0,0,1,4,0,0,6,0,0,2,3,0,3,1,0,0,0,9,0,6,5,0,0,0,5,3,0,0,8,7,0,0,0,0,2,5,9,0,0,0,0,1,9,0,0,5,0,3,0,5,3,8,0,0,0,7,0","9,0,0,0,0,8,5,0,0,0,0,5,0,0,4,0,0,0,7,2,0,9,1,0,0,0,0,6,4,0,8,0,0,0,1,0,0,0,0,0,0,0,0,6,0,8,0,0,0,0,0,2,0,0,0,5,0,0,0,0,0,2,0,0,0,0,0,5,0,1,7,4,0,0,3,0,9,0,0,0,0","4,0,0,8,0,0,0,0,7,0,0,0,4,0,0,0,6,0,2,0,6,0,0,7,0,9,0,0,5,0,0,0,0,0,0,0,0,9,0,0,0,0,1,0,0,0,0,2,9,0,8,7,0,0,0,0,0,0,0,0,3,0,1,0,0,9,2,7,0,0,8,0,1,0,0,0,0,4,0,0,0"
04/09/21,"4,6,9,0,0,0,8,0,2,7,2,0,3,0,0,0,0,6,0,0,0,2,6,8,9,7,4,5,4,0,8,3,0,0,0,7,8,7,6,0,5,0,0,0,9,9,0,0,0,0,6,1,5,0,6,0,0,0,0,0,2,9,0,0,0,7,0,0,5,4,0,0,0,8,3,0,0,1,0,0,0","0,0,0,5,0,0,0,8,4,2,0,0,6,0,0,0,0,0,0,0,7,0,1,0,0,6,2,8,4,0,0,0,0,0,3,0,0,0,5,0,0,0,0,0,0,0,0,1,0,6,8,0,4,0,0,0,0,0,0,0,0,0,0,0,0,6,7,2,0,0,0,0,0,8,3,0,0,0,5,0,0","0,3,0,0,5,0,0,0,0,4,0,5,0,0,0,0,0,0,2,0,0,0,0,0,0,0,8,0,4,0,0,9,0,3,0,0,0,0,0,7,0,2,0,0,6,0,8,0,0,1,0,0,0,0,0,0,0,0,0,0,7,0,0,0,0,1,6,0,0,2,0,0,9,0,0,3,0,7,0,4,0"
05/09/21,"6,0,4,0,5,0,2,0,3,9,0,0,4,0,3,6,0,0,0,1,0,0,8,0,7,0,0,8,6,7,0,1,0,0,0,0,0,0,0,9,6,5,1,0,0,1,0,9,0,0,0,4,6,2,0,9,0,8,0,7,0,5,0,0,4,3,5,0,0,0,0,1,0,8,6,3,0,0,9,4,0","0,0,0,0,7,0,0,0,0,0,0,9,5,0,6,0,0,0,5,0,0,3,0,0,9,0,0,6,0,7,4,0,0,0,0,0,0,8,0,0,0,0,0,1,0,0,0,0,0,0,0,0,6,5,0,3,0,0,8,0,0,9,4,0,1,8,0,0,5,0,0,0,2,0,0,0,4,0,1,0,0","4,7,0,0,0,0,0,1,0,0,1,0,0,0,0,0,0,9,0,0,3,0,0,5,4,0,0,0,4,0,3,0,7,2,0,0,7,0,0,1,0,0,0,0,0,0,0,6,0,0,0,0,8,0,0,0,5,0,7,3,6,0,0,0,6,0,0,0,0,3,0,2,0,0,0,0,2,0,0,0,0"
06/09/21,"7,5,2,0,4,8,0,0,0,6,0,0,0,0,7,8,5,4,0,8,0,3,1,5,0,7,0,4,3,0,9,0,0,0,0,8,2,0,0,0,0,4,9,1,0,5,0,0,0,0,0,0,6,0,0,0,9,1,8,0,7,0,0,0,0,5,7,3,0,0,0,6,0,6,7,0,5,0,3,9,0","0,6,0,0,0,0,0,0,0,0,5,7,0,9,0,0,0,0,0,0,1,0,6,0,7,4,0,0,0,0,0,0,1,9,0,2,0,8,5,0,0,0,0,0,7,0,0,3,0,0,2,0,0,0,0,0,4,0,0,0,0,1,0,0,0,0,0,7,0,0,9,0,0,2,0,4,0,5,0,0,0","8,0,0,0,0,3,0,0,4,0,0,0,0,0,0,0,7,0,0,4,0,8,6,0,0,9,0,0,0,5,1,9,0,0,8,0,0,0,0,3,0,0,6,0,0,0,0,0,0,0,0,0,0,7,0,5,7,0,0,0,0,1,0,0,6,0,0,0,5,0,0,2,0,0,0,0,0,0,8,0,0"
07/09/21,"6,0,0,3,8,0,4,0,5,0,4,0,0,9,0,0,8,3,5,8,0,0,4,7,9,0,0,0,3,2,7,0,6,0,0,0,0,7,0,0,0,4,0,3,6,4,0,0,0,0,3,7,5,8,0,0,6,0,0,8,5,9,0,3,0,0,1,0,5,0,2,0,0,0,8,2,0,0,0,6,0","0,0,0,4,0,0,0,8,2,0,0,0,0,9,0,1,0,0,8,0,0,0,0,0,0,6,4,0,0,0,0,0,5,0,0,0,0,5,0,0,1,7,0,9,0,0,7,0,3,8,0,0,0,0,4,0,0,0,0,0,7,1,0,6,0,3,8,0,0,0,0,9,0,0,0,0,0,2,0,0,8","0,7,0,8,0,2,0,0,0,0,0,0,0,0,0,0,0,7,1,4,8,3,5,0,0,0,0,0,0,5,0,0,8,3,0,0,0,6,0,0,0,0,0,0,9,3,0,0,0,0,0,7,0,0,5,0,0,0,0,0,1,7,0,0,0,4,0,9,0,0,0,0,0,0,7,4,0,0,0,0,2"
08/09/21,"0,5,3,8,0,1,0,7,0,0,0,6,3,0,9,0,4,1,0,9,1,7,5,0,0,0,0,3,0,0,4,0,6,8,0,0,8,7,0,0,3,0,6,0,0,9,0,0,5,7,0,1,0,0,0,2,0,0,8,0,4,3,0,0,0,7,0,0,3,0,8,6,6,0,0,0,4,0,7,0,2","0,1,0,0,6,4,0,0,5,3,0,0,0,0,0,0,8,0,0,0,0,1,7,0,0,0,0,0,0,0,0,8,9,0,0,0,0,0,3,0,0,0,8,2,0,0,4,9,0,0,0,0,0,6,0,0,1,7,4,0,0,6,0,0,0,0,9,0,0,0,0,2,0,5,0,0,0,0,3,0,4","0,0,7,0,0,0,0,3,0,0,0,0,0,0,5,7,0,0,5,2,1,0,0,3,0,0,0,3,0,0,0,0,9,0,0,8,4,0,0,0,0,1,3,0,0,0,9,0,0,5,0,0,4,0,0,0,0,9,0,4,0,0,0,0,0,0,0,0,0,0,6,2,9,5,0,7,0,0,0,0,0"
09/09/21,"2,3,1,4,5,0,0,0,0,7,0,0,0,0,0,8,4,2,0,0,6,9,2,7,0,0,0,0,0,3,0,4,0,0,9,5,0,2,9,0,0,1,0,0,7,1,0,4,5,0,6,3,0,0,0,0,0,0,0,0,9,5,6,6,0,0,1,8,9,0,3,0,9,4,2,3,0,0,0,0,0","0,0,0,0,0,9,0,0,0,3,0,1,5,0,0,0,9,0,4,0,9,0,0,0,0,0,5,0,6,3,0,0,0,0,0,0,0,0,0,0,0,8,7,2,0,0,0,0,2,1,0,6,0,0,0,0,4,9,0,0,2,0,0,0,0,0,7,5,3,0,0,4,5,0,0,0,0,0,0,7,0","6,0,9,0,3,2,1,0,0,2,0,0,0,0,0,0,0,0,5,1,0,0,0,0,0,3,0,0,0,1,0,0,5,0,2,6,0,0,0,0,0,8,7,0,0,0,0,4,0,0,9,0,0,1,0,0,0,8,0,0,0,0,4,0,0,0,0,0,0,0,6,7,3,0,0,0,6,0,5,0,0"
10/09/21,"0,6,1,2,4,0,0,3,0,0,0,3,7,0,5,0,9,6,7,2,5,6,0,0,8,0,0,6,4,2,0,0,0,0,7,0,0,0,0,0,0,0,1,8,3,0,0,0,5,9,7,4,0,0,8,0,0,0,0,3,7,4,9,1,3,7,0,0,4,0,0,0,2,0,0,0,7,6,0,0,0","9,0,0,1,0,4,5,0,0,0,0,7,0,8,0,0,6,0,8,0,0,9,0,3,0,0,1,0,0,3,0,0,0,6,0,0,0,1,0,4,0,0,0,0,0,7,0,8,0,0,0,2,0,0,0,4,0,3,0,7,0,0,0,0,0,0,0,0,1,4,0,0,0,7,0,0,0,0,0,9,0","3,0,0,0,0,6,0,0,0,1,9,0,4,0,0,0,0,0,0,4,0,0,9,0,6,0,0,0,1,0,0,0,0,0,0,0,0,0,0,6,2,0,0,9,0,8,0,0,0,3,5,1,4,0,4,7,8,9,0,0,0,0,0,0,0,0,0,0,0,0,8,0,0,3,0,0,0,0,5,0,0"
11/09/21,"0,0,0,9,3,2,1,8,6,2,0,0,0,6,8,3,0,0,6,8,0,0,0,7,0,0,9,0,0,0,6,5,0,0,0,1,0,7,5,1,0,0,4,0,0,4,0,1,0,0,3,9,2,0,0,4,8,0,7,0,0,1,0,0,3,0,0,0,0,8,4,0,1,2,7,8,0,6,0,0,0","8,0,6,4,0,0,0,0,0,0,0,0,0,2,3,0,0,0,0,1,0,0,0,0,0,0,7,0,0,0,0,5,0,4,0,8,0,0,9,0,0,8,0,0,3,7,6,0,0,0,0,0,0,2,0,4,5,0,0,0,0,1,0,0,0,0,0,9,0,0,0,5,3,0,0,1,0,0,0,0,0","5,0,1,7,0,9,0,0,0,0,6,4,0,1,5,0,0,0,7,0,0,6,0,0,0,0,0,1,0,0,5,4,0,9,0,0,0,0,2,0,0,3,8,0,0,0,0,7,0,0,0,0,4,0,3,0,0,0,0,0,0,6,0,0,4,0,0,2,0,7,8,0,0,0,0,0,0,0,0,0,0"
12/09/21,"3,8,6,0,4,0,0,0,5,0,0,0,6,0,0,1,7,0,0,0,0,9,5,8,6,0,4,8,3,4,0,0,5,0,0,0,5,0,0,8,1,9,0,4,0,0,0,0,0,0,4,0,8,2,6,0,0,7,2,1,0,0,9,0,7,0,0,9,0,4,1,0,0,9,5,0,0,0,7,0,6","0,0,7,0,0,3,0,4,6,0,0,0,0,0,0,0,0,1,0,6,5,7,4,0,9,0,0,3,0,0,6,0,0,0,5,7,0,8,0,0,3,0,0,0,0,0,0,2,0,0,8,0,9,0,0,0,0,8,0,1,2,0,4,2,0,0,0,0,0,0,6,9,0,7,0,0,0,0,0,0,0","0,8,0,0,0,0,0,0,0,0,0,3,0,0,1,6,0,7,0,0,0,3,0,9,8,0,0,0,0,9,0,0,0,4,1,0,0,3,8,0,0,0,9,0,5,0,0,0,9,0,7,0,0,0,6,0,0,2,0,0,0,0,0,3,0,0,0,6,4,0,0,0,0,5,0,0,0,0,0,0,9"
13/09/21,"6,0,7,0,0,1,0,0,5,1,4,2,0,0,0,6,8,0,0,0,0,3,2,6,7,0,0,3,2,0,0,0,0,0,9,7,0,6,0,5,7,9,0,0,4,7,0,0,0,0,4,0,6,8,2,8,0,7,6,0,0,1,0,0,0,5,8,9,0,3,0,0,0,7,6,0,0,0,8,0,0","1,0,0,0,3,0,0,0,0,5,0,0,0,0,9,7,4,0,0,0,0,1,0,0,5,9,0,0,0,6,3,9,0,8,2,4,0,1,0,8,6,2,0,0,0,0,0,0,0,0,0,0,0,0,0,0,8,0,0,0,0,0,0,0,0,0,0,0,3,0,0,0,0,0,0,9,0,5,3,7,0","0,0,0,4,0,0,5,0,0,0,0,0,0,6,2,0,0,0,8,0,0,9,0,0,4,6,0,0,0,0,0,0,0,0,0,3,0,0,7,0,0,3,0,8,0,6,0,0,0,0,0,0,0,1,0,0,1,0,0,5,7,0,4,0,3,0,0,0,0,0,9,0,2,0,0,0,0,6,0,0,0"
14/09/21,"0,0,4,5,8,9,0,0,0,0,0,8,0,3,0,6,4,0,5,1,3,0,0,0,8,0,7,2,0,0,3,1,4,0,5,0,0,4,5,0,0,0,2,1,8,1,9,0,0,0,2,7,0,0,6,5,1,0,0,0,0,0,9,0,0,0,9,0,0,0,7,1,0,7,0,1,4,5,0,0,0","2,0,6,0,0,5,0,8,0,5,0,0,0,8,0,0,0,0,0,7,0,3,0,0,0,0,0,0,2,0,4,0,9,0,0,0,1,0,9,0,0,0,5,0,0,0,0,3,0,0,0,0,0,2,6,0,0,0,3,0,0,2,0,0,0,0,1,9,0,0,3,7,0,0,0,8,0,6,0,1,0","0,0,0,0,0,0,0,0,2,2,1,0,0,0,5,0,0,7,0,0,0,3,8,0,6,0,0,0,0,0,1,0,0,3,0,0,8,0,0,0,0,0,1,0,6,0,7,0,4,0,8,0,0,0,9,0,0,0,0,0,0,0,0,0,5,0,0,0,0,0,0,0,0,3,0,0,6,0,2,4,0"
15/09/21,"0,8,0,3,7,6,4,0,0,3,4,0,0,0,0,6,0,2,0,0,6,4,8,0,7,9,0,0,7,9,0,5,8,0,3,0,0,0,4,0,0,1,0,5,0,5,0,0,0,0,0,8,2,6,2,0,0,7,0,5,3,0,1,0,6,0,0,9,0,0,7,0,0,3,1,8,0,4,0,0,0","0,0,0,9,0,2,0,0,1,7,0,8,0,0,0,0,0,0,6,0,0,0,0,0,0,0,0,0,4,0,2,5,0,0,0,0,0,0,2,0,4,7,0,8,0,0,0,0,0,0,0,6,0,0,0,3,0,1,0,0,7,0,0,4,9,0,0,7,0,0,0,0,0,0,0,0,0,0,0,0,4","0,1,0,0,0,0,2,9,0,0,0,6,0,0,0,0,0,0,0,0,4,8,0,0,3,0,0,0,0,3,0,9,1,7,0,0,0,0,9,0,0,0,0,0,0,5,0,0,0,2,0,0,0,0,4,0,0,3,7,0,0,0,6,0,0,0,0,0,5,4,0,0,7,8,0,0,0,0,0,0,5"
16/09/21,"0,4,6,0,0,0,0,2,0,0,1,5,8,0,7,6,0,0,2,0,0,4,0,0,1,8,9,0,0,9,0,5,2,4,0,0,0,0,4,6,3,0,5,9,0,5,6,3,9,0,4,0,0,0,4,0,2,0,0,9,0,0,0,0,0,0,5,7,0,0,4,8,3,0,0,0,0,0,9,1,7","0,0,8,0,0,0,2,0,0,0,0,0,0,6,0,0,0,0,0,9,0,3,1,7,0,0,0,0,0,0,0,3,0,9,0,0,8,0,0,0,0,0,7,0,0,0,1,0,5,0,0,0,0,4,0,0,3,8,0,6,0,2,0,0,6,0,0,0,0,0,0,7,1,0,0,0,0,0,3,0,0","9,1,0,0,0,0,0,3,0,0,0,0,0,0,0,7,0,4,0,3,7,0,0,5,0,0,0,0,7,5,9,4,0,0,0,0,2,0,9,7,0,0,0,0,5,4,0,0,0,0,0,0,0,0,0,0,6,0,0,0,0,7,3,0,0,0,1,8,0,0,6,0,0,0,0,0,0,2,0,0,0"
17/09/21,"5,0,0,0,0,6,4,1,0,0,2,4,7,3,0,0,0,5,1,0,3,5,0,4,0,7,8,6,7,0,0,0,3,0,4,0,0,8,0,0,7,0,9,0,1,0,0,0,4,5,9,7,0,0,0,0,1,0,0,0,8,5,4,0,0,0,3,4,0,0,0,7,7,4,8,2,0,0,0,0,0","0,0,0,3,0,0,7,0,8,9,4,0,7,0,0,0,0,1,0,0,3,0,1,0,0,0,0,0,0,0,0,0,4,8,2,0,0,1,9,0,0,0,4,0,0,0,3,0,0,0,0,0,0,0,0,0,0,0,5,0,0,1,7,2,0,0,6,4,0,0,5,0,0,0,0,0,0,1,0,0,0","3,0,0,0,1,8,4,0,9,8,0,4,7,0,0,0,0,0,0,0,0,0,0,6,1,0,0,4,0,0,0,0,2,5,0,8,0,0,3,0,0,0,0,0,4,0,0,0,0,4,0,0,2,0,0,0,0,6,0,1,0,0,0,1,7,0,2,0,0,0,0,0,5,0,0,0,0,0,0,0,0"
18/09/21,"4,0,8,5,0,9,0,2,1,1,0,2,4,0,0,0,5,0,9,0,0,2,0,0,8,0,6,2,7,0,0,0,6,5,8,0,0,9,0,0,0,4,0,0,0,0,8,0,0,2,1,0,0,3,0,2,5,0,8,0,4,6,0,0,0,6,0,4,5,2,0,8,0,0,9,0,3,0,7,0,0","0,2,8,0,0,0,4,0,0,0,0,0,0,0,3,0,0,9,0,3,0,9,1,0,0,7,0,0,0,0,0,0,0,1,0,8,6,0,0,1,3,0,0,0,0,0,0,9,0,0,0,2,0,0,3,6,0,0,7,4,0,0,0,0,0,0,0,0,0,7,2,0,0,0,1,0,5,0,0,0,0","0,0,0,0,0,0,0,9,0,3,0,0,0,0,2,0,0,0,7,0,5,0,0,0,8,0,2,0,6,0,3,0,0,0,0,0,0,5,3,6,4,0,7,0,0,0,0,1,0,0,0,0,2,0,0,0,0,9,0,0,0,6,0,5,0,0,0,0,0,0,0,0,0,9,0,5,7,4,0,0,1"
19/09/21,"7,3,4,0,0,0,0,0,0,8,0,0,7,4,6,1,0,0,6,0,0,0,8,0,4,7,9,0,1,0,4,6,7,0,0,5,0,0,0,0,1,0,3,8,4,9,4,5,0,0,0,0,0,0,4,0,9,5,0,3,8,0,1,0,0,7,6,0,4,0,3,0,0,0,3,0,0,1,9,0,0","0,0,1,0,0,0,5,9,7,0,0,0,0,1,8,0,0,0,0,5,2,0,0,0,0,0,1,0,0,0,0,0,9,0,0,0,0,8,0,2,0,0,0,0,3,0,3,0,0,0,4,0,1,2,4,0,0,0,8,0,7,0,0,0,0,0,6,0,0,0,2,0,9,7,0,0,0,0,0,0,0","0,0,0,0,6,0,0,2,0,0,0,7,0,2,9,0,0,0,4,0,0,0,0,1,7,3,0,0,0,0,0,0,0,0,8,0,0,5,0,8,7,0,3,0,0,0,0,9,0,0,6,0,0,0,0,0,4,7,0,0,0,0,0,9,0,5,0,0,0,0,0,0,6,0,0,0,5,8,0,0,1"
20/09/21,"0,5,8,3,0,0,0,4,2,0,0,0,2,9,5,3,8,0,1,2,0,0,8,0,0,6,0,0,7,0,5,0,1,6,0,3,0,0,9,8,0,7,0,2,0,6,0,1,0,0,2,0,0,8,4,1,0,0,0,0,8,5,0,2,0,0,0,0,0,4,3,7,0,0,0,4,7,8,0,0,0","4,0,0,0,0,0,3,0,0,0,5,0,0,7,0,0,0,0,2,0,6,0,5,0,0,0,0,0,0,0,2,0,3,1,8,0,8,0,0,0,0,5,0,0,0,0,0,0,0,4,0,2,0,0,1,4,0,0,0,8,0,3,0,0,0,0,0,0,0,6,0,0,0,2,3,9,0,0,0,0,0","0,0,0,4,0,2,1,0,9,5,0,0,0,0,6,0,0,0,0,0,9,0,0,0,0,0,3,1,0,0,0,0,0,0,7,0,0,2,0,9,5,0,0,0,4,0,0,0,0,3,0,0,8,0,0,9,7,0,0,0,0,0,8,0,0,0,0,0,0,6,3,0,4,1,0,0,0,0,0,0,0"
21/09/21,"2,0,1,5,8,3,0,6,0,3,0,0,6,2,0,0,7,5,0,6,4,0,0,0,8,0,2,7,8,0,0,0,0,0,5,6,0,0,0,0,3,0,4,9,0,0,0,0,7,5,2,0,0,0,4,0,5,3,0,0,6,0,9,0,1,9,4,6,0,0,0,0,0,0,7,0,0,1,5,4,0","0,0,0,0,0,1,0,5,0,0,0,9,3,0,7,8,0,0,0,2,0,0,0,0,0,0,6,0,0,0,0,0,0,0,9,0,0,0,8,0,0,0,4,0,0,2,3,0,0,4,0,0,0,0,0,0,1,0,3,9,0,4,0,7,0,0,0,0,0,0,0,5,4,0,0,0,0,0,0,2,0","0,0,0,7,0,0,6,2,0,0,0,8,6,0,0,0,0,5,0,0,4,0,0,9,0,8,0,0,0,0,0,7,4,5,0,0,8,0,9,0,0,3,7,0,0,4,0,0,0,0,0,0,3,0,0,0,7,8,0,0,0,9,6,0,0,6,0,0,0,1,0,0,1,0,0,0,0,0,0,0,0"
22/09/21,"2,6,0,0,0,0,9,7,0,0,9,0,5,0,6,0,0,8,0,8,0,2,0,0,0,5,0,0,3,0,7,4,0,0,0,2,1,0,8,0,6,0,0,4,3,7,0,2,0,1,3,0,0,0,0,0,4,0,8,7,3,0,0,0,1,3,4,0,9,8,6,0,8,0,6,0,0,1,0,2,0","0,0,9,0,0,0,0,2,0,0,0,0,0,1,6,0,0,9,0,0,0,4,9,0,0,0,0,7,0,0,0,4,0,2,0,0,0,0,0,0,0,2,7,6,0,0,6,0,0,0,0,8,0,0,2,0,0,0,0,8,0,0,7,5,0,3,0,0,0,0,0,0,0,0,0,9,0,0,4,0,8","7,5,0,0,9,0,0,0,0,8,0,3,7,0,0,0,0,6,0,0,1,0,0,0,0,0,0,0,0,0,0,0,4,0,8,0,9,0,0,6,5,0,0,1,0,0,4,0,0,0,0,0,0,5,0,0,0,0,0,0,0,0,0,0,3,4,0,7,0,5,0,0,1,2,0,0,0,0,0,9,0"
23/09/21,"0,0,0,8,4,0,7,0,9,0,0,3,2,6,0,8,0,5,9,2,8,0,0,5,0,0,0,3,8,4,0,1,0,5,7,0,0,1,2,0,0,7,0,0,3,0,9,0,3,0,0,1,4,0,8,0,0,0,9,2,0,0,0,2,0,0,0,0,0,4,6,7,7,0,0,6,3,0,0,9,0","0,0,4,0,0,5,0,0,0,2,0,0,0,0,9,0,4,0,0,6,0,0,0,8,0,0,2,0,0,0,0,4,6,0,9,0,7,0,0,5,0,0,0,3,0,1,0,0,0,0,0,0,0,0,0,0,2,0,0,1,0,0,4,5,0,0,0,8,0,9,2,0,0,0,7,0,0,0,0,0,0","0,0,5,0,0,0,0,6,1,0,4,0,6,0,0,0,0,0,3,0,0,0,0,9,0,0,0,2,0,0,1,8,0,0,0,9,0,0,3,2,0,0,0,0,6,9,0,0,0,5,0,8,0,3,0,0,0,0,2,0,0,0,0,0,0,0,8,6,0,0,0,5,0,7,8,0,0,0,4,0,0"
24/09/21,"6,5,0,0,0,0,1,7,0,0,8,0,6,7,0,3,0,0,0,0,0,0,2,3,0,0,6,2,0,0,1,5,7,0,3,0,9,0,0,0,3,0,4,5,0,5,3,0,0,0,6,7,0,8,0,0,4,8,0,0,5,1,7,0,9,7,0,0,5,0,0,4,0,0,0,7,6,0,0,8,3","0,0,0,0,1,8,0,0,0,0,0,4,7,0,2,0,0,0,0,0,6,0,0,0,0,1,0,0,0,0,0,0,0,0,0,8,0,7,0,0,0,0,0,5,2,0,6,0,4,7,0,0,0,0,3,0,0,0,9,0,0,0,7,0,5,1,6,0,0,0,0,0,0,0,0,5,0,0,0,9,0","0,2,0,0,0,0,0,0,8,0,0,0,4,0,0,0,5,0,1,0,0,3,8,5,0,0,0,0,0,2,0,0,0,6,9,0,0,0,0,5,0,0,1,0,0,6,1,4,2,0,0,0,0,0,4,0,9,0,0,0,0,1,0,2,0,0,0,0,0,7,0,0,0,8,0,0,9,7,0,0,0"
25/09/21,"7,0,1,0,0,4,9,6,0,9,0,2,0,0,5,0,4,0,5,0,0,3,0,0,2,7,0,0,1,6,2,0,0,7,0,0,0,8,0,0,6,0,3,0,2,2,0,0,7,0,3,1,0,0,0,9,0,0,1,7,0,0,8,8,0,4,5,0,9,0,0,7,0,7,0,0,8,0,0,3,9","5,0,0,0,0,1,0,0,0,0,0,1,6,7,0,0,0,0,0,0,0,0,0,0,0,7,0,4,3,0,2,0,9,0,1,5,0,2,8,0,0,0,0,0,0,0,0,9,0,0,3,0,0,0,0,8,0,1,0,0,0,5,0,0,0,0,0,5,6,0,0,9,0,0,0,0,8,0,3,0,7","0,1,0,0,7,0,0,6,8,0,0,0,0,0,9,2,1,0,3,0,0,0,0,0,0,0,0,0,8,0,0,4,0,0,9,0,0,0,0,0,9,0,5,7,0,0,0,0,0,0,3,0,0,2,0,0,8,0,0,0,4,0,0,0,0,7,0,6,2,0,0,0,5,0,1,9,0,0,0,0,7"
26/09/21,"5,0,3,8,0,4,0,2,0,4,2,9,0,3,5,0,7,0,0,8,0,0,9,0,4,3,0,6,0,0,0,0,0,9,0,7,8,5,0,0,0,7,0,0,0,2,0,0,1,0,0,8,0,4,0,0,2,3,0,0,7,8,1,0,1,8,2,7,0,0,0,0,0,0,5,0,8,0,3,9,0","3,0,0,0,7,0,0,2,0,0,0,0,6,0,0,4,0,5,0,0,6,0,3,0,0,0,0,0,1,7,0,0,0,0,0,0,0,4,0,0,2,0,8,0,0,0,0,0,0,4,3,0,0,2,0,0,0,0,8,0,0,5,0,6,0,0,0,0,2,0,9,0,0,9,0,0,0,4,1,0,0","0,0,9,4,0,0,0,0,0,0,8,4,0,0,0,0,0,0,5,0,7,6,0,0,4,3,0,0,4,0,7,0,0,0,0,0,0,3,5,0,0,1,0,0,0,2,9,0,0,0,0,1,0,0,0,0,0,0,0,0,3,7,0,0,0,0,0,9,0,5,6,0,0,0,0,3,0,8,0,0,0"
27/09/21,"0,0,0,0,8,1,4,6,3,0,0,1,0,3,0,5,0,2,3,8,2,0,4,0,0,0,0,4,2,5,8,0,0,6,1,0,0,0,0,0,1,6,2,3,4,0,3,0,9,0,0,0,0,0,0,6,0,0,0,7,0,2,0,8,7,0,0,5,2,1,0,0,0,1,3,0,0,0,0,7,5","0,0,0,3,9,0,0,0,0,0,0,9,0,0,5,0,0,4,0,0,0,1,0,2,7,0,5,0,8,0,0,6,0,0,4,0,6,0,0,0,3,1,9,2,0,1,0,0,0,0,0,0,0,0,0,4,0,0,0,0,1,0,0,0,0,0,6,0,7,0,0,0,0,0,6,0,0,0,0,0,3","0,0,5,0,0,0,4,6,0,0,0,0,0,3,0,0,0,0,8,0,0,4,0,0,0,0,0,0,0,7,0,0,0,0,0,0,9,0,0,1,0,7,0,8,0,0,5,0,0,0,0,0,0,0,6,0,0,9,0,0,0,2,1,0,0,9,0,1,0,0,0,4,0,7,3,0,0,6,0,0,5"
28/09/21,"8,0,5,0,9,2,0,0,0,0,0,0,6,7,0,5,8,0,9,0,3,0,0,5,0,7,0,6,9,0,2,1,8,0,0,0,0,0,0,7,0,6,1,0,2,0,2,4,0,0,0,7,6,8,0,5,2,0,0,0,0,0,1,3,1,0,0,5,0,9,2,0,0,0,9,3,2,0,0,4,0","0,0,0,0,0,0,0,0,1,0,6,0,0,0,0,4,0,7,0,0,1,0,6,9,0,0,5,0,7,0,2,0,0,0,0,0,5,0,0,0,9,0,1,0,0,4,0,0,0,0,0,8,5,0,9,0,0,6,8,0,0,0,0,0,4,0,0,2,0,3,0,6,0,0,7,0,0,0,0,0,0","0,0,0,0,0,0,8,0,6,9,0,0,0,0,0,0,0,7,0,0,0,0,5,1,0,0,3,0,2,0,0,0,0,0,5,0,3,0,7,0,2,0,0,0,9,5,0,0,0,6,0,3,0,0,0,0,0,9,8,0,4,0,0,0,6,0,3,0,0,1,0,0,8,0,0,0,0,0,0,0,0"
29/09/21,"0,5,0,7,0,0,2,1,3,0,3,0,2,9,5,0,0,7,7,2,0,0,8,0,5,0,0,0,0,2,0,0,0,0,3,8,3,0,7,6,0,2,0,0,4,0,9,4,0,7,3,0,0,1,8,0,9,0,2,6,0,0,0,2,0,0,5,0,8,1,0,0,1,0,0,0,0,0,4,8,0","0,0,0,0,6,9,0,0,0,0,9,5,7,4,0,0,0,0,0,0,0,3,0,0,0,0,0,0,0,0,0,0,0,0,0,2,0,0,1,0,0,0,5,0,0,3,0,7,0,0,0,0,1,4,0,2,6,0,0,8,0,0,0,0,5,0,0,0,6,0,0,0,0,0,0,0,1,0,2,0,7","0,0,0,0,0,0,0,0,4,2,0,0,1,8,0,0,5,0,0,0,1,0,2,0,6,0,0,0,2,0,0,1,0,8,0,0,5,0,0,6,0,3,0,0,9,0,3,0,0,0,0,0,0,7,7,0,0,4,0,8,0,0,0,0,0,0,0,0,0,0,0,0,0,5,0,0,9,0,0,7,0"
30/09/21,"3,2,1,0,0,7,9,0,6,0,4,0,9,0,1,0,0,0,9,0,0,4,2,6,0,3,0,0,5,2,0,7,0,1,0,0,0,8,0,2,4,0,7,0,0,0,0,7,0,0,0,3,8,2,7,0,9,8,0,0,0,5,0,2,0,0,7,5,4,0,0,0,0,1,4,0,9,0,0,0,8","6,0,0,0,8,7,0,0,0,0,0,0,0,0,4,1,0,2,1,0,0,5,0,0,0,0,0,5,0,0,0,0,0,0,0,0,0,0,1,0,0,3,9,0,0,3,0,0,0,0,0,2,7,0,0,0,9,0,0,0,3,0,0,0,0,0,0,7,1,4,0,0,0,0,2,6,0,0,0,0,1","0,0,0,3,5,6,2,0,0,4,0,2,0,0,0,5,0,0,0,7,0,0,0,0,0,1,0,8,0,0,0,4,0,0,7,0,0,5,0,0,3,0,0,0,0,0,0,0,0,0,0,3,0,9,0,0,4,1,6,5,0,0,0,0,0,9,0,0,0,0,0,0,1,6,0,7,0,0,0,0,0"
01/10/21,"0,6,0,1,3,5,0,0,2,5,0,1,0,0,0,9,3,6,3,0,7,0,0,6,0,8,0,6,0,0,0,0,1,5,2,9,0,3,4,0,9,2,0,6,0,9,5,0,8,0,0,0,0,0,0,0,3,2,8,0,0,0,1,0,1,0,7,0,0,2,0,0,0,8,5,0,1,0,4,0,0","0,0,5,0,7,1,0,0,0,8,0,2,0,0,0,0,0,0,0,0,0,0,5,9,0,8,0,4,7,0,0,0,0,0,0,8,0,0,0,3,2,5,0,1,0,0,0,0,0,0,0,0,0,0,6,0,0,0,4,0,7,0,0,0,0,0,1,6,2,3,0,0,0,0,0,0,0,0,0,0,0","0,6,8,0,0,0,0,0,9,7,0,0,0,0,0,5,8,0,4,5,0,0,0,8,1,0,0,0,0,0,0,0,0,0,0,5,0,0,0,7,0,5,2,0,3,0,0,0,2,0,0,0,0,6,0,0,0,5,0,0,0,0,0,0,0,4,9,6,3,0,0,0,5,0,0,0,2,0,0,0,0"
02/10/21,"0,4,0,7,0,0,2,8,3,2,5,0,8,3,9,0,0,0,0,7,3,2,0,0,0,9,6,0,0,0,0,4,7,1,0,0,9,1,4,0,5,0,0,0,0,0,3,5,0,0,0,4,2,0,3,0,2,5,0,8,0,0,4,4,0,0,0,0,6,3,0,8,5,0,1,0,9,0,0,0,0","0,0,4,0,6,0,0,1,2,6,0,0,0,0,0,9,0,0,0,0,5,1,0,8,0,0,0,5,0,0,0,0,0,0,0,0,0,0,0,9,5,0,1,6,0,0,0,3,0,0,0,0,0,0,0,8,1,0,0,0,6,9,0,0,2,0,0,8,7,4,0,0,0,0,0,0,0,0,7,0,0","3,0,0,0,0,0,6,0,0,0,0,7,0,9,0,0,0,0,0,0,9,0,4,0,0,0,5,0,0,0,0,3,5,0,2,6,8,0,1,6,0,0,0,4,0,0,0,0,0,0,0,0,0,0,0,0,5,0,0,0,3,8,0,0,2,0,8,0,0,9,6,0,0,0,0,0,0,7,0,0,0"
03/10/21,"8,0,3,9,0,0,2,1,0,9,0,4,0,0,3,0,7,0,0,0,1,8,0,0,5,0,9,5,3,2,0,0,8,7,0,0,0,8,0,5,0,6,3,0,0,0,0,0,7,3,4,8,0,5,0,6,0,0,5,1,0,8,0,0,1,0,0,8,0,0,6,7,2,0,0,0,7,0,0,5,0","0,0,0,6,0,0,0,0,0,0,0,2,4,8,0,5,7,0,0,4,8,5,0,9,0,0,0,5,0,0,0,0,6,0,3,0,0,0,0,0,0,0,0,6,0,3,0,0,0,1,2,0,8,0,0,6,5,0,9,3,2,0,0,0,0,0,8,0,0,0,0,0,0,0,4,0,0,0,0,0,0","0,0,8,0,3,0,4,9,5,2,0,0,0,0,5,0,0,0,0,9,0,0,0,0,0,0,0,0,0,2,7,0,0,9,0,0,3,0,0,5,9,0,0,1,6,0,8,0,0,6,3,0,0,0,0,1,0,3,0,0,0,2,0,0,0,0,0,7,0,6,3,0,0,0,0,0,0,0,0,0,7"